ID,Name,Email,Group,Telephone,ZIP,Country,State/Province,"Customer Since",Website
715,"Katheryn Lakin",heidi.kunze@yahoo.com,MadinaM-Customergroup,,,,,"Dec 6, 2023 2:33:14 AM",Admin
714,"Ellyn Ollie Darnell",glenn.kertzmann@hotmail.com,senem4237462378482,,,,,"Dec 6, 2023 2:29:49 AM","e-commerce Application"
713,"SeymourSeymour WeberWeber",oralee.olson@hotmail.com,senem4237462378482,1-827-523-5129,57752-1114,"United Kingdom",,"Dec 6, 2023 2:24:16 AM","e-commerce Application"
712,"Jonah Hackett",theodore.graham@gmail.com,MadinaM-Customergroup,,,,,"Dec 6, 2023 2:21:52 AM",Admin
711,"Wayne Koelpin",claude.keeling@yahoo.com,MadinaM-Customergroup,,,,,"Dec 6, 2023 2:20:59 AM",Admin
710,"Retha Rau",hortencia.mitchell@gmail.com,MadinaM-Customergroup,,,,,"Dec 6, 2023 2:19:30 AM",Admin
709,"AndresAndres WilliamsonWilliamson",leora.zboncak@hotmail.com,senem4237462378482,885-067-0080,07218,"United Kingdom",,"Dec 6, 2023 2:17:43 AM","e-commerce Application"
708,"Raul Littel",lala.rodriguez@hotmail.com,senem4237462378482,,,,,"Dec 6, 2023 2:17:05 AM","e-commerce Application"
707,"Walter Lind",shaniqua.green@hotmail.com,MadinaM-Customergroup,,,,,"Dec 6, 2023 2:16:14 AM",Admin
706,"Patrick Sawayn",freddy.boyer@hotmail.com,MadinaM-Customergroup,,,,,"Dec 6, 2023 2:15:37 AM",Admin
705,"Tona Ratke",chang.feeney@hotmail.com,MadinaM-Customergroup,,,,,"Dec 6, 2023 2:14:11 AM",Admin
704,"Garry Stanton",cristopher.okuneva@gmail.com,senem4237462378482,00648866888,0600,"New Zealand",,"Dec 6, 2023 2:11:54 AM","e-commerce Application"
703,"Roseann Mayert",josef.dicki@hotmail.com,MadinaM-Customergroup,,,,,"Dec 6, 2023 2:11:50 AM",Admin
702,"Iluminada McDermott",laverne.breitenberg@hotmail.com,senem4237462378482,,,,,"Dec 6, 2023 2:11:34 AM","e-commerce Application"
701,"Mary Will",benjamin.ullrich@gmail.com,senem4237462378482,,,,,"Dec 6, 2023 2:11:02 AM","e-commerce Application"
700,"FeliceFelice AltenwerthAltenwerth",zina.shanahan@hotmail.com,senem4237462378482,,,,,"Dec 6, 2023 2:09:53 AM","e-commerce Application"
699,"Shawnda Barrows",elbert.heidenreich@hotmail.com,senem4237462378482,,,,,"Dec 6, 2023 2:08:51 AM","e-commerce Application"
698,"Rosio McKenzie",earle.koepp@hotmail.com,senem4237462378482,163-076-8716,10003,"United States","New York","Dec 6, 2023 2:08:37 AM","e-commerce Application"
697,"Bulah Kuhn",laurena.ryan@gmail.com,senem4237462378482,,,,,"Dec 6, 2023 2:08:13 AM","e-commerce Application"
696,"Danette Reilly",lazaro.kautzer@gmail.com,senem4237462378482,,,,,"Dec 6, 2023 2:06:19 AM","e-commerce Application"
695,"RonnyRonny StrackeStracke",dorine.wintheiser@gmail.com,senem4237462378482,"(144) 145-1503",12531-6151,"United Kingdom",,"Dec 6, 2023 2:02:09 AM","e-commerce Application"
694,"Antonio Stracke",elvira.auer@yahoo.com,senem4237462378482,"(448) 039-1710",10003,"United States","New York","Dec 6, 2023 1:10:47 AM","e-commerce Application"
693,"Tasia Collier",rene.stiedemann@hotmail.com,senem4237462378482,006426282628,0612,"New Zealand",,"Dec 6, 2023 1:06:10 AM","e-commerce Application"
692,"Erinn Carroll",shannon.rath@gmail.com,senem4237462378482,,,,,"Dec 6, 2023 1:05:18 AM","e-commerce Application"
691,"Lanelle McCullough",enoch.heller@hotmail.com,senem4237462378482,"(768) 701-4170",10003,"United States","New York","Dec 6, 2023 1:04:14 AM","e-commerce Application"
690,"Dorian McLaughlin",jimmie.cormier@gmail.com,senem4237462378482,"(182) 085-5609 x98704",10003,"United States","New York","Dec 6, 2023 12:58:42 AM","e-commerce Application"
688,"NumbersNumbers HarveyHarvey",clint.gislason@hotmail.com,senem4237462378482,,,,,"Dec 6, 2023 12:00:10 AM","e-commerce Application"
687,"PeggiePeggie TreutelTreutel",oliver.cassin@gmail.com,senem4237462378482,"1-744-907-3820 x05877",97368,"United Kingdom",,"Dec 5, 2023 11:53:36 PM","e-commerce Application"
686,"BrentonBrenton MetzMetz",arnold.hilpert@gmail.com,senem4237462378482,"263-917-3731 x7507",39868-3175,"United Kingdom",,"Dec 5, 2023 11:50:33 PM","e-commerce Application"
685,"Laurie Smith",dara.douglas@gmail.com,senem4237462378482,,,,,"Dec 5, 2023 11:35:44 PM","e-commerce Application"
684,"Larry Fadel",kelle.conroy@yahoo.com,senem4237462378482,,,,,"Dec 5, 2023 11:34:28 PM","e-commerce Application"
683,"BernardBernard BayerBayer",alba.brown@gmail.com,senem4237462378482,"1-401-876-9843 x952",35701,"United Kingdom",,"Dec 5, 2023 11:27:41 PM","e-commerce Application"
682,"Ngan Hilpert",martine.kshlerin@gmail.com,MadinaM-Customergroup,,,,,"Dec 5, 2023 5:23:52 PM",Admin
681,"Arminda Considine",elly.prohaska@yahoo.com,MadinaM-Customergroup,,,,,"Dec 5, 2023 4:57:01 PM",Admin
680,"klm mlk",NisaanGTR@gmail.com,senem4237462378482,,,,,"Dec 5, 2023 2:03:59 PM",Admin
679,"Jinny Goodwin",gerry.miller@hotmail.com,group3,,,,,"Dec 5, 2023 12:31:15 PM","e-commerce Application"
678,"Fredia Ossie Winston",may.mante@gmail.com,senem4237462378482,,,,,"Dec 5, 2023 12:29:51 PM","e-commerce Application"
677,"Jospeh Sherise Jay",tajuana.lind@gmail.com,senem4237462378482,,,,,"Dec 5, 2023 12:29:16 PM","e-commerce Application"
676,"Cyril Clay Joey",kelley.casper@hotmail.com,senem4237462378482,,,,,"Dec 5, 2023 12:20:03 PM","e-commerce Application"
675,"Ashli Hayden Clementina",cassy.prosacco@hotmail.com,senem4237462378482,,,,,"Dec 5, 2023 12:19:06 PM","e-commerce Application"
674,"Gema Hassan Dirk",lyle.paucek@yahoo.com,senem4237462378482,,,,,"Dec 5, 2023 12:15:13 PM","e-commerce Application"
673,"Ahmed Trevor Doug",george.kessler@gmail.com,senem4237462378482,,,,,"Dec 5, 2023 12:11:43 PM","e-commerce Application"
670,"Bernard Cleotilde Dirk",scarlett.mcglynn@gmail.com,senem4237462378482,,,,,"Dec 5, 2023 11:57:09 AM","e-commerce Application"
669,"Randee Miquel Otto",iraida.batz@gmail.com,senem4237462378482,,,,,"Dec 5, 2023 11:40:37 AM","e-commerce Application"
668,"Laurence Ratke",federico.senger@yahoo.com,senem4237462378482,"(216) 653-7009",37444-1081,"United Kingdom",,"Dec 5, 2023 11:37:36 AM","e-commerce Application"
667,"Donte Lang Louis",kurtis.ruecker@yahoo.com,senem4237462378482,,,,,"Dec 5, 2023 11:37:05 AM","e-commerce Application"
666,"Danilo Lesch",veola.mann@hotmail.com,senem4237462378482,,,,,"Dec 5, 2023 11:35:48 AM","e-commerce Application"
665,"Catarina Kovacek",leigh.mueller@yahoo.com,senem4237462378482,"(339) 386-6992",34984,"United Kingdom",,"Dec 5, 2023 11:32:14 AM","e-commerce Application"
664,"Jimmie Kuhn",scotty.mcglynn@gmail.com,senem4237462378482,,,,,"Dec 5, 2023 11:29:22 AM","e-commerce Application"
663,"Bethany Kutch",ginny.haag@gmail.com,senem4237462378482,,,,,"Dec 5, 2023 11:27:30 AM","e-commerce Application"
662,"Fredricka Jerde",cory.medhurst@hotmail.com,senem4237462378482,,,,,"Dec 5, 2023 11:26:29 AM","e-commerce Application"
661,"Brandon Marvin",terresa.labadie@yahoo.com,senem4237462378482,,,,,"Dec 5, 2023 11:23:42 AM","e-commerce Application"
660,"Marvin Howe",laree.labadie@hotmail.com,senem4237462378482,,,,,"Dec 5, 2023 11:19:56 AM","e-commerce Application"
659,"Royce Hansen",robt.kuhlman@gmail.com,senem4237462378482,,,,,"Dec 5, 2023 11:17:56 AM","e-commerce Application"
658,"Jordan Alphonse France",abdulhekim890@gmail.com,senem4237462378482,,,,,"Dec 5, 2023 11:16:56 AM","e-commerce Application"
657,"Bruno O'Keefe",dwayne.upton@gmail.com,senem4237462378482,,,,,"Dec 5, 2023 11:16:09 AM","e-commerce Application"
656,"Franchesca Anderson",rodrick.okeefe@gmail.com,senem4237462378482,,,,,"Dec 5, 2023 11:14:34 AM","e-commerce Application"
655,"Birdie Kuphal",louann.towne@gmail.com,senem4237462378482,,,,,"Dec 5, 2023 10:58:55 AM","e-commerce Application"
654,"Lale suleyman",lalesuleyman123@gmail.com,senem4237462378482,905314553231,34320,Uruguay,Alaska,"Dec 5, 2023 3:22:04 AM","e-commerce Application"
653,"Lahoma Karon",gregory.damore@hotmail.com,senem4237462378482,04503211111,2100,Australia,,"Dec 5, 2023 2:22:24 AM","e-commerce Application"
652,"asd asd",asdas@gmail.com,senem4237462378482,,,,,"Dec 5, 2023 1:54:22 AM","e-commerce Application"
651,"Rosaura O'Keefe",rema.sipes@yahoo.com,senem4237462378482,"1-430-837-3676 x8410",0600,"New Zealand",,"Dec 5, 2023 1:35:42 AM","e-commerce Application"
650,"Jeffry O'Connell",julienne.johnston@hotmail.com,senem4237462378482,com.github.javafaker.PhoneNumber@1f5797d5,12837,Turkey,,"Dec 5, 2023 1:24:09 AM","e-commerce Application"
649,"Cesar Larson",barabara.shields@gmail.com,senem4237462378482,com.github.javafaker.PhoneNumber@330888a,02812-4559,Turkey,,"Dec 5, 2023 1:19:41 AM","e-commerce Application"
648,"Natalia Hermann",arminda.torphy@gmail.com,senem4237462378482,com.github.javafaker.PhoneNumber@3e6be3c1,93522-3012,Turkey,,"Dec 5, 2023 1:16:49 AM","e-commerce Application"
647,"Mervin Heidenreich",rebeca.simonis@yahoo.com,senem4237462378482,00648866888,0600,"New Zealand",,"Dec 5, 2023 1:11:13 AM","e-commerce Application"
646,"Spencer Powlowski",jamar.oberbrunner@yahoo.com,senem4237462378482,"(861) 048-1249",10003,"United States","New York","Dec 5, 2023 1:09:22 AM","e-commerce Application"
645,"Emmett Prohaska",hung.conn@gmail.com,senem4237462378482,006426282628,0612,"New Zealand",,"Dec 5, 2023 12:44:20 AM","e-commerce Application"
644,"Janis Gibson",man.nienow@yahoo.com,senem4237462378482,006426282628,0612,"New Zealand",,"Dec 5, 2023 12:41:41 AM","e-commerce Application"
643,"Fredrick Ritchie",keesha.oconner@yahoo.com,senem4237462378482,com.github.javafaker.PhoneNumber@15364d8b,89635-9193,Turkey,,"Dec 5, 2023 12:26:52 AM","e-commerce Application"
642,"ok good",gte@golf.com,group3,,,,,"Dec 5, 2023 12:19:12 AM",Admin
641,"Celsa Glover",eladia.greenfelder@yahoo.com,senem4237462378482,com.github.javafaker.PhoneNumber@1f978bb1,65403,Turkey,,"Dec 5, 2023 12:16:03 AM","e-commerce Application"
640,"Charmaine Labadie",josef.effertz@yahoo.com,senem4237462378482,com.github.javafaker.PhoneNumber@7a680b69,41223-7854,Turkey,,"Dec 5, 2023 12:00:29 AM","e-commerce Application"
639,"Geri Runolfsson",mack.oreilly@hotmail.com,senem4237462378482,com.github.javafaker.PhoneNumber@4ed74b13,12335-5644,Turkey,,"Dec 4, 2023 11:54:14 PM","e-commerce Application"
638,"Chong Marquardt",phyliss.stoltenberg@gmail.com,senem4237462378482,com.github.javafaker.PhoneNumber@1f978bb1,33100,Turkey,,"Dec 4, 2023 11:49:01 PM","e-commerce Application"
637,"Fredric Green",evelyn.howe@gmail.com,senem4237462378482,com.github.javafaker.PhoneNumber@89537c1,30946,Turkey,,"Dec 4, 2023 11:30:57 PM","e-commerce Application"
636,"Tobie Dimple",scarlet.carroll@hotmail.com,senem4237462378482,,,,,"Dec 4, 2023 10:48:25 PM","e-commerce Application"
635,"Mckinley Mann",delsie.emard@yahoo.com,senem4237462378482,com.github.javafaker.PhoneNumber@5ac88d71,21052,Turkey,,"Dec 4, 2023 9:10:31 PM","e-commerce Application"
634,"Milo Ondricka",joan.watsica@yahoo.com,senem4237462378482,com.github.javafaker.PhoneNumber@5f18f8a1,80030,Turkey,,"Dec 4, 2023 6:15:52 PM","e-commerce Application"
633,"Broderick Schumm",cherry.bartell@hotmail.com,senem4237462378482,,,,,"Dec 4, 2023 5:15:12 PM","e-commerce Application"
632,"Bee Parker",bennie.erdman@hotmail.com,senem4237462378482,"1-924-124-8970 x33758",0600,"New Zealand",,"Dec 4, 2023 5:03:07 PM","e-commerce Application"
631,"Terese Cummerata",jeanie.kuhn@yahoo.com,senem4237462378482,,,,,"Dec 4, 2023 4:14:39 PM","e-commerce Application"
630,"Kaleigh Beatty",jeffery.cummerata@yahoo.com,senem4237462378482,,,,,"Dec 4, 2023 4:09:56 PM","e-commerce Application"
629,"ali memtimin",ali.memtimin@gmail.com,Group1,,,,,"Dec 4, 2023 3:52:50 PM",Admin
628,"Tomas Michel",mike.quitzon@yahoo.com,group3,,,,,"Dec 4, 2023 3:18:43 PM","e-commerce Application"
627,"Cheryl Hodkiewicz",daniel.bartoletti@hotmail.com,senem4237462378482,,,,,"Dec 4, 2023 3:14:57 PM","e-commerce Application"
626,"Winston Morar",aurea.stanton@gmail.com,senem4237462378482,,,,,"Dec 4, 2023 3:11:16 PM","e-commerce Application"
625,"Collen Becker",argentina.donnelly@gmail.com,senem4237462378482,,,,,"Dec 4, 2023 3:09:42 PM","e-commerce Application"
624,"Nicky Rodriguez",desmond.wiza@gmail.com,senem4237462378482,,,,,"Dec 4, 2023 3:05:09 PM","e-commerce Application"
623,"Shawn Prosacco",ronald.ward@yahoo.com,senem4237462378482,com.github.javafaker.PhoneNumber@41f23499,25639,"United Kingdom",,"Dec 4, 2023 2:56:02 PM","e-commerce Application"
622,"Freeman Beier",karan.cormier@gmail.com,senem4237462378482,,,,,"Dec 4, 2023 1:33:16 PM","e-commerce Application"
621,"JonasJonas LehnerLehner",peggy.bogan@gmail.com,senem4237462378482,,,,,"Dec 4, 2023 1:32:23 PM","e-commerce Application"
620,"Joshua Ebert",patrica.okeefe@yahoo.com,senem4237462378482,,,,,"Dec 4, 2023 1:30:28 PM","e-commerce Application"
619,"Florene Jae Dick",booker.luettgen@hotmail.com,senem4237462378482,,,,,"Dec 4, 2023 12:24:03 PM","e-commerce Application"
618,"Ilana Jarvis Darnell",breana.cruickshank@gmail.com,senem4237462378482,,,,,"Dec 4, 2023 12:20:12 PM","e-commerce Application"
617,"Gerry Adrianna Mikki",eneida.sporer@hotmail.com,senem4237462378482,,,,,"Dec 4, 2023 9:06:47 AM","e-commerce Application"
616,"Rudolf Sherron Rosanna",mary.kulas@yahoo.com,senem4237462378482,,,,,"Dec 4, 2023 9:05:40 AM","e-commerce Application"
615,"Erik Fallon Britteny",sadye.jones@hotmail.com,senem4237462378482,,,,,"Dec 4, 2023 8:21:05 AM","e-commerce Application"
614,"Athena Darrin Erick",lino.koss@hotmail.com,senem4237462378482,,,,,"Dec 4, 2023 8:20:01 AM","e-commerce Application"
613,"Solomon Effertz",maisie.lang@yahoo.com,senem4237462378482,com.github.javafaker.PhoneNumber@4758158f,34408-4792,Turkey,,"Dec 4, 2023 7:51:16 AM","e-commerce Application"
612,"German Witting",davis.kirlin@yahoo.com,senem4237462378482,com.github.javafaker.PhoneNumber@178cf671,13840-6596,Turkey,,"Dec 4, 2023 7:48:28 AM","e-commerce Application"
611,"Johnathan Lubowitz",brendan.schuppe@gmail.com,senem4237462378482,com.github.javafaker.PhoneNumber@4758158f,44375-0475,Turkey,,"Dec 4, 2023 7:43:11 AM","e-commerce Application"
610,"Farrah Jacobi",phyliss.hauck@hotmail.com,senem4237462378482,com.github.javafaker.PhoneNumber@531245fe,79697-3598,Turkey,,"Dec 4, 2023 7:32:39 AM","e-commerce Application"
609,"ds ad",adad@gmail.com,sherzat,,,,,"Dec 4, 2023 7:01:02 AM",Admin
608,"Karry Crona",jared.bayer@hotmail.com,senem4237462378482,,,,,"Dec 4, 2023 6:36:22 AM","e-commerce Application"
607,"Annika Littel",maple.rogahn@hotmail.com,senem4237462378482,006426282628,0612,"New Zealand",,"Dec 4, 2023 6:29:26 AM","e-commerce Application"
606,"Lon Botsford",jarred.ledner@hotmail.com,senem4237462378482,006426282628,0612,"New Zealand",,"Dec 4, 2023 6:25:31 AM","e-commerce Application"
605,"Naida Stroman",jaclyn.beahan@yahoo.com,senem4237462378482,006426282628,0612,"New Zealand",,"Dec 4, 2023 6:21:20 AM","e-commerce Application"
603,"mihrigul abdulwahed",mireguligayiti@outlook.com,"Aliye Test 2023",,,,,"Dec 4, 2023 4:47:14 AM",Admin
602,"Mickey Friesen",leon.herman@gmail.com,senem4237462378482,"224.715.9382 x428",0600,"New Zealand",,"Dec 4, 2023 4:40:20 AM","e-commerce Application"
601,"Demarcus Schowalter",mitsuko.kulas@hotmail.com,senem4237462378482,,,,,"Dec 4, 2023 4:33:04 AM","e-commerce Application"
600,"Catharine as",dick.cartwright@gmail.com,senem4237462378482,com.github.javafaker.PhoneNumber@59dae020,21201,"United States",Maryland,"Dec 4, 2023 4:07:13 AM","e-commerce Application"
599,"Alimmm Adilll",alimmm@gmail.com,group3,,,,,"Dec 4, 2023 3:58:21 AM","e-commerce Application"
598,"Bruce Kling",hiram.dare@gmail.com,senem4237462378482,00648866888,0600,"New Zealand",,"Dec 4, 2023 3:55:31 AM","e-commerce Application"
597,"Scottie Kuphal",tod.nikolaus@gmail.com,senem4237462378482,,,,,"Dec 4, 2023 3:53:26 AM","e-commerce Application"
596,"Vanesa Runolfsson",darron.leannon@gmail.com,senem4237462378482,00648866888,0600,"New Zealand",,"Dec 4, 2023 3:47:55 AM","e-commerce Application"
595,"Jose Feest",kelvin.bergstrom@gmail.com,senem4237462378482,,,,,"Dec 4, 2023 3:46:24 AM","e-commerce Application"
594,"Cassaundra Reynolds",laticia.kuphal@gmail.com,senem4237462378482,,,,,"Dec 4, 2023 3:45:39 AM","e-commerce Application"
593,"Collette Pagac",walter.hoppe@yahoo.com,senem4237462378482,,,,,"Dec 4, 2023 3:44:10 AM","e-commerce Application"
592,"Burma Detra",mathilda.willms@gmail.com,senem4237462378482,94327487638,364763,Turkey,,"Dec 4, 2023 3:27:20 AM","e-commerce Application"
591,"Clinton Roy",dodie.bartoletti@hotmail.com,senem4237462378482,,,,,"Dec 4, 2023 3:24:32 AM","e-commerce Application"
590,"Ervin Reynalda",andreas.schamberger@gmail.com,senem4237462378482,,,,,"Dec 4, 2023 3:23:16 AM","e-commerce Application"
589,"Frieda Ka",shawanda.borer@yahoo.com,senem4237462378482,,,,,"Dec 4, 2023 3:17:43 AM","e-commerce Application"
588,"Elwood Kertzmann",charlott.legros@yahoo.com,senem4237462378482,com.github.javafaker.PhoneNumber@6f168f70,0600,"New Zealand",,"Dec 4, 2023 3:12:57 AM","e-commerce Application"
587,"Johnie Borer",preston.crist@yahoo.com,senem4237462378482,com.github.javafaker.PhoneNumber@7b0dfa91,10003,"United States","New York","Dec 4, 2023 3:09:28 AM","e-commerce Application"
586,"Filiberto Howell",matilde.bergnaum@yahoo.com,senem4237462378482,,,,,"Dec 4, 2023 3:08:21 AM","e-commerce Application"
585,"Britteny Towne",stephen.bashirian@hotmail.com,senem4237462378482,"1-530-854-4104 x043",10003,"United States","New York","Dec 4, 2023 3:06:00 AM","e-commerce Application"
584,"dfa dsafdsf",Ronaldoluisnazario@gmail.com,senem4237462378482,,,,,"Dec 4, 2023 3:00:24 AM",Admin
583,"Shelby Casper",karol.ratke@gmail.com,senem4237462378482,,,,,"Dec 4, 2023 2:59:58 AM","e-commerce Application"
582,"Arlen Raynor",ken.shanahan@hotmail.com,senem4237462378482,,,,,"Dec 4, 2023 2:41:42 AM","e-commerce Application"
581,"Jed Bogan",shannon.ernser@hotmail.com,senem4237462378482,,,,,"Dec 4, 2023 2:38:51 AM","e-commerce Application"
580,"Lawrence Keeling",tameka.wehner@yahoo.com,senem4237462378482,,,,,"Dec 4, 2023 2:38:24 AM","e-commerce Application"
579,"Kerry Mayer",deetta.tillman@gmail.com,senem4237462378482,,,,,"Dec 4, 2023 2:32:23 AM","e-commerce Application"
578,"CristobalCristobal MrazMraz",patricia.ziemann@gmail.com,senem4237462378482,,,,,"Dec 4, 2023 2:26:58 AM","e-commerce Application"
577,"Elmira Abernathy",melda.pollich2@gmail.com,senem4237462378482,,,,,"Dec 4, 2023 2:22:23 AM","e-commerce Application"
576,"Elmira Abernathy",melda.pollich@gmail.com,senem4237462378482,,,,,"Dec 4, 2023 2:20:54 AM","e-commerce Application"
575,"Johnie Donnelly",luciana.moen@gmail.com,senem4237462378482,"1-537-910-2280 x8355",0600,"New Zealand",,"Dec 4, 2023 2:13:20 AM","e-commerce Application"
574,"Chester Jacobi",manuel.langosh@hotmail.com,senem4237462378482,,,,,"Dec 4, 2023 2:10:10 AM","e-commerce Application"
573,"Janessa Weimann",tracey.swift@hotmail.com,senem4237462378482,"834.761.3066 x5766",10003,"United States","New York","Dec 4, 2023 2:09:37 AM","e-commerce Application"
572,"Kurtis Pagac",tona.hagenes@hotmail.com,senem4237462378482,,,,,"Dec 4, 2023 1:03:02 AM","e-commerce Application"
571,"Emelia Hilll",filiberto.kerluke@yahoo.com,senem4237462378482,com.github.javafaker.PhoneNumber@5470753a,10003,"United States","New York","Dec 4, 2023 12:59:56 AM","e-commerce Application"
570,"Benjamin Altenwerth",marylyn.funk@yahoo.com,senem4237462378482,com.github.javafaker.PhoneNumber@7e532f2d,10003,"United States","New York","Dec 4, 2023 12:55:47 AM","e-commerce Application"
569,"Marlon Lubowitz",jeanne.kunde@hotmail.com,senem4237462378482,,,,,"Dec 3, 2023 10:53:33 PM","e-commerce Application"
568,"Reina Kunde",junior.kassulke@yahoo.com,senem4237462378482,,,,,"Dec 3, 2023 10:51:53 PM","e-commerce Application"
567,"Archie Stoltenberg",arden.beahan@hotmail.com,senem4237462378482,,,,,"Dec 3, 2023 10:50:25 PM","e-commerce Application"
566,"Pamela Cartwright",wilton.fadel@yahoo.com,senem4237462378482,,,,,"Dec 3, 2023 10:49:31 PM","e-commerce Application"
565,"Denny Rowe",norberto.schmidt@gmail.com,senem4237462378482,,,,,"Dec 3, 2023 10:22:58 PM","e-commerce Application"
564,"Anastacia Stokes",jaquelyn.wisoky@hotmail.com,senem4237462378482,,,,,"Dec 3, 2023 10:18:48 PM","e-commerce Application"
563,"Jamey Ebert",giovanni.damore@yahoo.com,senem4237462378482,,,,,"Dec 3, 2023 10:17:16 PM","e-commerce Application"
562,"Leanna Wuckert",jo.ritchie@hotmail.com,senem4237462378482,,,,,"Dec 3, 2023 10:16:25 PM","e-commerce Application"
561,"Bradford Brakus",sandy.langosh@gmail.com,senem4237462378482,,,,,"Dec 3, 2023 10:10:31 PM","e-commerce Application"
560,"Marna Crona",darrel.gerlach@hotmail.com,senem4237462378482,com.github.javafaker.PhoneNumber@23639e5,31001,Turkey,,"Dec 3, 2023 10:07:48 PM","e-commerce Application"
559,"Chauncey Schaefer",angela.towne@gmail.com,senem4237462378482,,,,,"Dec 3, 2023 10:04:23 PM","e-commerce Application"
558,"Cameron Blick",hal.greenfelder@hotmail.com,senem4237462378482,,,,,"Dec 3, 2023 10:02:42 PM","e-commerce Application"
557,"Thomasine Marquardt",erick.paucek@hotmail.com,senem4237462378482,,,,,"Dec 3, 2023 9:52:40 PM","e-commerce Application"
556,"Freddie Hirthe",tania.nitzsche@hotmail.com,senem4237462378482,,,,,"Dec 3, 2023 9:48:10 PM","e-commerce Application"
555,"Perry Harris",vickey.kuhlman@yahoo.com,senem4237462378482,,,,,"Dec 3, 2023 9:47:11 PM","e-commerce Application"
554,"Karin Luettgen",elana.abbott@hotmail.com,senem4237462378482,,,,,"Dec 3, 2023 9:46:10 PM","e-commerce Application"
553,"Rochell Abernathy",felton.dare@gmail.com,senem4237462378482,,,,,"Dec 3, 2023 9:43:57 PM","e-commerce Application"
552,"Patricia O'Hara",gino.morissette@yahoo.com,senem4237462378482,,,,,"Dec 3, 2023 9:43:00 PM","e-commerce Application"
551,"Terry Runolfsdottir",titus.frami@yahoo.com,senem4237462378482,,,,,"Dec 3, 2023 9:41:31 PM","e-commerce Application"
550,"Naida Kunze",lili.welch@yahoo.com,senem4237462378482,,,,,"Dec 3, 2023 9:40:34 PM","e-commerce Application"
549,"Pamula Jerde",carlita.koelpin@yahoo.com,senem4237462378482,,,,,"Dec 3, 2023 9:39:46 PM","e-commerce Application"
548,"Jewel Funk",jonathon.donnelly@hotmail.com,senem4237462378482,,,,,"Dec 3, 2023 9:35:04 PM","e-commerce Application"
547,"Nolan Hettinger",benjamin.morissette@yahoo.com,senem4237462378482,,,,,"Dec 3, 2023 9:33:06 PM","e-commerce Application"
546,"Asa Sipes",winston.schowalter@yahoo.com,senem4237462378482,,,,,"Dec 3, 2023 9:30:39 PM","e-commerce Application"
545,"Brenton Roberts",salley.witting@yahoo.com,senem4237462378482,,,,,"Dec 3, 2023 9:29:57 PM","e-commerce Application"
544,"Giuseppina Turcotte",rosemarie.schoen@yahoo.com,senem4237462378482,,,,,"Dec 3, 2023 9:29:08 PM","e-commerce Application"
543,"George Legros",mikel.jacobs@hotmail.com,senem4237462378482,,,,,"Dec 3, 2023 9:27:15 PM","e-commerce Application"
542,"Cristobal Klein",adele.cremin@hotmail.com,senem4237462378482,,,,,"Dec 3, 2023 7:07:39 PM","e-commerce Application"
541,"Dorathy Doyle",britt.oreilly@hotmail.com,senem4237462378482,,,,,"Dec 3, 2023 7:06:16 PM","e-commerce Application"
540,"Natividad Stiedemann",enoch.abernathy@hotmail.com,senem4237462378482,,,,,"Dec 3, 2023 7:03:27 PM","e-commerce Application"
539,"Loida Mayert",clyde.kutch@hotmail.com,senem4237462378482,com.github.javafaker.PhoneNumber@17e8c38c,0600,"New Zealand",,"Dec 3, 2023 7:01:55 PM","e-commerce Application"
538,"Gordon Balistreri",lyle.fay@hotmail.com,senem4237462378482,,,,,"Dec 3, 2023 6:44:14 PM","e-commerce Application"
537,"Florene DuBuque",kristopher.labadie@gmail.com,senem4237462378482,,,,,"Dec 3, 2023 6:41:38 PM","e-commerce Application"
536,"Shay Den",shay2@gmail.com,senem4237462378482,00642345678,0600,"New Zealand",,"Dec 3, 2023 6:37:48 PM","e-commerce Application"
535,"Nannette Botsford",isaac.welch@gmail.com,senem4237462378482,,,,,"Dec 3, 2023 6:35:35 PM","e-commerce Application"
534,"Reginald Beier",eldon.schmidt@gmail.com,senem4237462378482,,,,,"Dec 3, 2023 6:00:56 PM","e-commerce Application"
533,"Burt Weissnat",jackqueline.greenholt@hotmail.com,senem4237462378482,,,,,"Dec 3, 2023 5:59:42 PM","e-commerce Application"
532,"Lavone Bayer",doretta.roberts@gmail.com,senem4237462378482,,,,,"Dec 3, 2023 5:57:58 PM","e-commerce Application"
531,"Haywood Labadie",maurice.buckridge@gmail.com,senem4237462378482,,,,,"Dec 3, 2023 5:54:43 PM","e-commerce Application"
530,"Micah Dooley",estrella.renner@yahoo.com,senem4237462378482,,,,,"Dec 3, 2023 5:51:15 PM","e-commerce Application"
529,"Kendrick Schuster",shaunda.adams@hotmail.com,senem4237462378482,,,,,"Dec 3, 2023 5:48:05 PM","e-commerce Application"
528,"TrumanTruman GoodwinGoodwin",darryl.hessel@hotmail.com,senem4237462378482,,,,,"Dec 3, 2023 5:44:51 PM","e-commerce Application"
527,"Johnathan Wolff",theron.dooley@yahoo.com,senem4237462378482,,,,,"Dec 3, 2023 5:43:55 PM","e-commerce Application"
526,"Lakendra Kerluke",corrin.shields@yahoo.com,senem4237462378482,,,,,"Dec 3, 2023 5:34:00 PM","e-commerce Application"
525,"Starr Jast",oscar.berge@gmail.com,senem4237462378482,,,,,"Dec 3, 2023 5:29:37 PM","e-commerce Application"
524,"Rolland Lockman",conrad.hilpert@yahoo.com,senem4237462378482,,,,,"Dec 3, 2023 5:25:06 PM","e-commerce Application"
523,"Denese Lueilwitz",les.volkman@gmail.com,senem4237462378482,,,,,"Dec 3, 2023 1:55:19 PM","e-commerce Application"
522,"Darren Ebert",harvey.beatty@yahoo.com,senem4237462378482,,,,,"Dec 3, 2023 1:52:02 PM","e-commerce Application"
521,"Toney Lubowitz",edwardo.dibbert@gmail.com,senem4237462378482,,,,,"Dec 3, 2023 1:50:38 PM","e-commerce Application"
520,"ThanhThanh StiedemannStiedemann",tom.tillman@yahoo.com,senem4237462378482,,,,,"Dec 3, 2023 1:13:33 PM","e-commerce Application"
519,"DeeDee SchaeferSchaefer",brianna.kling@yahoo.com,senem4237462378482,,,,,"Dec 3, 2023 1:06:03 PM","e-commerce Application"
518,"RoselynRoselyn GreenfelderGreenfelder",flor.schultz@yahoo.com,senem4237462378482,,,,,"Dec 3, 2023 1:05:29 PM","e-commerce Application"
517,"NettieNettie ErnserErnser",miquel.fahey@hotmail.com,senem4237462378482,,,,,"Dec 3, 2023 12:22:17 PM","e-commerce Application"
516,"MarvinMarvin SpinkaSpinka",letisha.hettinger@hotmail.com,senem4237462378482,,,,,"Dec 3, 2023 12:14:05 PM","e-commerce Application"
515,"FranceFrance WiegandWiegand",jeffrey.spencer@hotmail.com,senem4237462378482,,,,,"Dec 3, 2023 12:11:38 PM","e-commerce Application"
514,"Pasquale Mitchell",jamel.roob@hotmail.com,senem4237462378482,,,,,"Dec 3, 2023 12:10:15 PM","e-commerce Application"
513,"HarrisHarris O'KonO'Kon",delicia.jaskolski@gmail.com,senem4237462378482,,,,,"Dec 3, 2023 12:07:43 PM","e-commerce Application"
512,"Brady Stiedemann",tommie.hegmann@yahoo.com,senem4237462378482,,,,,"Dec 3, 2023 12:05:10 PM","e-commerce Application"
511,"Dot Gleichner",cristopher.koss@hotmail.com,senem4237462378482,,,,,"Dec 3, 2023 12:01:06 PM","e-commerce Application"
510,"Lewis Auer",trinidad.langworth@yahoo.com,senem4237462378482,,,,,"Dec 3, 2023 11:56:18 AM","e-commerce Application"
509,"RosyRosy KrajcikKrajcik",maida.zboncak@gmail.com,senem4237462378482,,,,,"Dec 3, 2023 11:48:14 AM","e-commerce Application"
508,"KendaKenda LockmanLockman",eugene.hand@yahoo.com,senem4237462378482,,,,,"Dec 3, 2023 11:45:41 AM","e-commerce Application"
507,"RosamariaRosamaria LehnerLehner",krishna.lehner@hotmail.com,senem4237462378482,,,,,"Dec 3, 2023 11:44:17 AM","e-commerce Application"
506,"RomanaRomana HoppeHoppe",nidia.okon@yahoo.com,senem4237462378482,,,,,"Dec 3, 2023 11:35:05 AM","e-commerce Application"
505,"SimonSimon WardWard",len.schulist@hotmail.com,senem4237462378482,,,,,"Dec 3, 2023 11:11:05 AM","e-commerce Application"
504,"Jc Romaguera",william.bartoletti@hotmail.com,senem4237462378482,,,,,"Dec 3, 2023 8:02:35 AM","e-commerce Application"
503,"Willie Elwanda Dirk",rossana.kozey@yahoo.com,senem4237462378482,,,,,"Dec 3, 2023 7:08:18 AM","e-commerce Application"
502,"Morton Mitchell",willie.hermiston@hotmail.com,"Postmen is fun",,,,,"Dec 3, 2023 12:49:53 AM","e-commerce Application"
501,"Leandro Greenfelder",mathew.quitzon@gmail.com,"Postmen is fun",,,,,"Dec 2, 2023 11:38:37 PM","e-commerce Application"
500,"Roy Bayer",kate.nikolaus@yahoo.com,"Postmen is fun",,,,,"Dec 2, 2023 11:35:28 PM","e-commerce Application"
499,"Hulda Volkman",scott.murphy@gmail.com,"Postmen is fun",,,,,"Dec 2, 2023 11:25:57 PM","e-commerce Application"
498,"Jammie Bradtke",dale.schinner@hotmail.com,"Postmen is fun",com.github.javafaker.PhoneNumber@3468faa5,93141,Turkey,,"Dec 2, 2023 4:56:56 PM","e-commerce Application"
497,"Sook Luettgen",josue.macgyver@yahoo.com,senem4237462378482,,,,,"Dec 2, 2023 4:49:11 PM","e-commerce Application"
496,"Penney Ruecker",bobby.haley@yahoo.com,senem4237462378482,com.github.javafaker.PhoneNumber@1604ad0f,39219,Turkey,,"Dec 2, 2023 4:17:37 PM","e-commerce Application"
495,"Yadira Rueben",warren.barrows@gmail.com,senem4237462378482,,,,,"Dec 2, 2023 3:07:10 PM","e-commerce Application"
494,"MinnaMinna EffertzEffertz",eddy.gorczany@gmail.com,senem4237462378482,,,,,"Dec 2, 2023 3:03:16 PM","e-commerce Application"
493,"LeanneLeanne McKenzieMcKenzie",newton.kerluke@yahoo.com,senem4237462378482,,,,,"Dec 2, 2023 3:02:07 PM","e-commerce Application"
492,"JackieJackie WeissnatWeissnat",malcom.rogahn@gmail.com,senem4237462378482,,,,,"Dec 2, 2023 3:00:10 PM","e-commerce Application"
491,"Tomas Cole",charlie.heaney@yahoo.com,senem4237462378482,,,,,"Dec 2, 2023 2:56:43 PM","e-commerce Application"
490,"Herbert Russel",madonna.shields@gmail.com,senem4237462378482,,,,,"Dec 2, 2023 2:55:12 PM","e-commerce Application"
489,"Demetra Schroeder",gustavo.breitenberg@hotmail.com,senem4237462378482,,,,,"Dec 2, 2023 2:53:05 PM","e-commerce Application"
488,"Clarice Mosciski",mathew.lynch@yahoo.com,senem4237462378482,,,,,"Dec 2, 2023 2:48:37 PM","e-commerce Application"
487,"Guli Abu",abu@gmail.com,senem4237462378482,006422668866,0600,"New Zealand",,"Dec 2, 2023 1:58:02 PM","e-commerce Application"
486,"Safiya Ali",Safi99@gmail.com,Group3,7554356577,6655GH,Netherlands,Breda,"Dec 2, 2023 1:14:20 PM","e-commerce Application"
485,"Brendan Cummerata",ismael.batz@hotmail.com,senem4237462378482,,,,,"Dec 2, 2023 12:43:14 PM","e-commerce Application"
484,"Agripina Jani Gia",shakita.schaden@hotmail.com,senem4237462378482,,,,,"Dec 2, 2023 9:03:04 AM","e-commerce Application"
483,"Byron Yoshiko Gemma",tory.jenkins@gmail.com,senem4237462378482,,,,,"Dec 2, 2023 9:01:50 AM","e-commerce Application"
482,"Jacob Ruthann Cristine",portia.blick@hotmail.com,senem4237462378482,,,,,"Dec 2, 2023 8:39:33 AM","e-commerce Application"
481,"Robena Kathline Leandro",korey.kirlin@yahoo.com,senem4237462378482,,,,,"Dec 2, 2023 7:58:26 AM","e-commerce Application"
480,"Juliann Spencer",lucio.keeling@yahoo.com,senem4237462378482,,,,,"Dec 2, 2023 7:49:35 AM","e-commerce Application"
479,"Marcus Bergnaum",sherill.sanford@gmail.com,senem4237462378482,,,,,"Dec 2, 2023 4:50:02 AM","e-commerce Application"
478,"Zola Feest",kenyetta.douglas@yahoo.com,senem4237462378482,,,,,"Dec 2, 2023 4:38:55 AM","e-commerce Application"
477,"Flora Thomas",flora@gmail.com,senem4237462378482,0664223344556,0600,"New Zealand",,"Dec 2, 2023 4:12:51 AM","e-commerce Application"
476,"Tania Tom",tania@gmail.com,senem4237462378482,,,,,"Dec 2, 2023 4:11:50 AM","e-commerce Application"
475,"John Tom",tom@gmail.com,senem4237462378482,,,,,"Dec 2, 2023 4:10:07 AM","e-commerce Application"
474,"Charley Christiansen Christiansen",pamala.weber@gmail.com,senem4237462378482,,,,,"Dec 2, 2023 4:09:18 AM","e-commerce Application"
473,"Jefferey Connelly Connelly",sheba.wilderman@hotmail.com,senem4237462378482,,,,,"Dec 2, 2023 4:07:40 AM","e-commerce Application"
472,"Adelaida Kunze",gala.hermiston@yahoo.com,senem4237462378482,,,,,"Dec 2, 2023 3:42:16 AM","e-commerce Application"
471,"Ayanna Schmidt",geoffrey.flatley@yahoo.com,senem4237462378482,,,,,"Dec 2, 2023 2:56:44 AM","e-commerce Application"
470,"Alvin Shanahan",clayton.ryan@gmail.com,senem4237462378482,,,,,"Dec 2, 2023 2:38:56 AM","e-commerce Application"
469,"Frances Ankunding",allena.gibson@yahoo.com,senem4237462378482,,,,,"Dec 2, 2023 2:17:19 AM","e-commerce Application"
468,"Tanner Tromp",ignacio.yundt@gmail.com,senem4237462378482,,,,,"Dec 2, 2023 2:04:03 AM","e-commerce Application"
467,"Phylicia Gleichner",aleshia.wuckert@yahoo.com,senem4237462378482,,,,,"Dec 2, 2023 1:57:23 AM","e-commerce Application"
466,"Ernesto Braun",arlene.beier@yahoo.com,senem4237462378482,,,,,"Dec 2, 2023 1:47:44 AM","e-commerce Application"
465,"Willa Morissette",bobbie.pollich@gmail.com,senem4237462378482,,,,,"Dec 2, 2023 1:35:11 AM","e-commerce Application"
464,"Dwayne Lindgren",buddy.ledner@yahoo.com,senem4237462378482,,,,,"Dec 2, 2023 1:28:40 AM","e-commerce Application"
463,"Victorina Morar",frankie.conroy@gmail.com,senem4237462378482,com.github.javafaker.PhoneNumber@6bcc277a,98100,Turkey,,"Dec 1, 2023 6:58:08 PM","e-commerce Application"
462,"Paulette Senger",luis.shields@gmail.com,senem4237462378482,,,,,"Dec 1, 2023 5:38:33 PM","e-commerce Application"
461,"Delorse Osinski",darin.block@yahoo.com,senem4237462378482,,,,,"Dec 1, 2023 5:35:07 PM","e-commerce Application"
460,"Kenneth Ritchie",mario.dubuque@hotmail.com,senem4237462378482,,,,,"Dec 1, 2023 5:14:02 PM","e-commerce Application"
459,"Sammy Harber",oliver.douglas@gmail.com,senem4237462378482,,,,,"Dec 1, 2023 5:12:48 PM","e-commerce Application"
458,"Barb Rippin",collene.lang@yahoo.com,senem4237462378482,006754324534,0612,"New Zealand",,"Dec 1, 2023 4:49:27 PM","e-commerce Application"
457,"Abid Selim",abid@gmail.com,SDT2023Magento-Team3,,,,,"Dec 1, 2023 4:22:20 PM",Admin
456,"Regena Kiehn Kiehn",norberto.wiegand@gmail.com,senem4237462378482,,,,,"Dec 1, 2023 2:49:59 PM","e-commerce Application"
455,"Shirly Kshlerin Kshlerin",jay.oconnell@yahoo.com,senem4237462378482,,,,,"Dec 1, 2023 2:48:04 PM","e-commerce Application"
454,"Loree Bartell Bartell",debi.buckridge@yahoo.com,senem4237462378482,,,,,"Dec 1, 2023 2:45:59 PM","e-commerce Application"
453,"Valentine Dickens Dickens",antonia.senger@yahoo.com,senem4237462378482,,,,,"Dec 1, 2023 2:44:40 PM","e-commerce Application"
452,"Yukiko Murray Murray",lonny.kuhlman@gmail.com,senem4237462378482,,,,,"Dec 1, 2023 2:38:01 PM","e-commerce Application"
451,"Seymour Breitenberg Breitenberg",chang.deckow@hotmail.com,senem4237462378482,,,,,"Dec 1, 2023 2:36:04 PM","e-commerce Application"
450,"Hortencia Ritchie Ritchie",sanford.franecki@yahoo.com,senem4237462378482,,,,,"Dec 1, 2023 2:31:49 PM","e-commerce Application"
449,"Jean Pfeffer Pfeffer",tracey.kub@hotmail.com,senem4237462378482,,,,,"Dec 1, 2023 1:12:06 PM","e-commerce Application"
448,"Dewey Rippin Rippin",reuben.beer@hotmail.com,senem4237462378482,,,,,"Dec 1, 2023 1:02:15 PM","e-commerce Application"
446,"Christopher Thompson",glendora.kling@gmail.com,senem4237462378482,,,,,"Dec 1, 2023 7:43:03 AM","e-commerce Application"
445,"Cameron Wehner",cherly.lebsack@yahoo.com,senem4237462378482,,,,,"Dec 1, 2023 7:31:47 AM","e-commerce Application"
444,"Barbra Abbott",moshe.reynolds@hotmail.com,senem4237462378482,,,,,"Dec 1, 2023 7:30:14 AM","e-commerce Application"
443,"Dong Pouros",dirk.hodkiewicz@yahoo.com,senem4237462378482,,,,,"Dec 1, 2023 7:20:44 AM","e-commerce Application"
442,"Cornelius Graham",edgardo.orn@yahoo.com,senem4237462378482,,,,,"Dec 1, 2023 7:05:34 AM","e-commerce Application"
441,"Zenia Nathaniel",marnie.rohan@hotmail.com,senem4237462378482,05444362947,34886,Turkey,"Please select region, state or province","Dec 1, 2023 6:51:24 AM","e-commerce Application"
440,"123 1233",wert@gmail.com,Java,9543938479,0978,Vanuatu,,"Dec 1, 2023 6:48:26 AM",Admin
439,"Carroll Stamm Stamm",elida.connelly@yahoo.com,senem4237462378482,,,,,"Dec 1, 2023 6:33:39 AM","e-commerce Application"
438,"Thaddeus Macejkovic",heath.yundt@yahoo.com,senem4237462378482,com.github.javafaker.PhoneNumber@7111b312,66706-1545,Turkey,,"Dec 1, 2023 5:53:38 AM","e-commerce Application"
437,"Sandy Larson",mozell.schmidt@hotmail.com,senem4237462378482,com.github.javafaker.PhoneNumber@1c63aa5d,66150,Turkey,,"Dec 1, 2023 4:55:12 AM","e-commerce Application"
436,"Refugio Zieme",tracee.kohler@yahoo.com,senem4237462378482,com.github.javafaker.PhoneNumber@23551fa1,15716-0133,Turkey,,"Dec 1, 2023 4:49:42 AM","e-commerce Application"
435,"Javier Abshire",frank.haley@yahoo.com,senem4237462378482,com.github.javafaker.PhoneNumber@50853850,19067,Turkey,,"Dec 1, 2023 4:27:07 AM","e-commerce Application"
434,"Mauricio Spring",julio.miller@yahoo.com,senem4237462378482,,,,,"Dec 1, 2023 3:31:27 AM","e-commerce Application"
433,"King Karry",camellia.berge@yahoo.com,senem4237462378482,,,,,"Dec 1, 2023 3:30:23 AM","e-commerce Application"
432,"Brandon Lavonda",nestor.cremin@yahoo.com,senem4237462378482,,,,,"Dec 1, 2023 3:29:30 AM","e-commerce Application"
431,"Robt Emilee",sergio.ritchie@yahoo.com,senem4237462378482,,,,,"Dec 1, 2023 3:28:10 AM","e-commerce Application"
430,"Aliza DuBuque",otis.goldner@gmail.com,senem4237462378482,com.github.javafaker.PhoneNumber@591ae3dd,75980-7055,Turkey,,"Dec 1, 2023 2:55:19 AM","e-commerce Application"
428,"44 444556",ghhh@gmail.com,senem4237462378482,,,,,"Dec 1, 2023 2:30:54 AM","e-commerce Application"
427,"Eufemia Miller",drema.green@hotmail.com,senem4237462378482,com.github.javafaker.PhoneNumber@3d7fc4b3,90902,Turkey,,"Dec 1, 2023 2:11:31 AM","e-commerce Application"
426,"Sanjuanita Hills",remedios.bergnaum@gmail.com,senem4237462378482,com.github.javafaker.PhoneNumber@3d63becf,72213-7046,Turkey,,"Dec 1, 2023 2:07:55 AM","e-commerce Application"
425,"Sammie Hane",raymundo.bayer@yahoo.com,senem4237462378482,com.github.javafaker.PhoneNumber@23551fa1,91475-8811,Turkey,,"Dec 1, 2023 2:06:21 AM","e-commerce Application"
424,"Oretha Witting",rolanda.kihn@yahoo.com,senem4237462378482,com.github.javafaker.PhoneNumber@4178074f,16197-5610,Turkey,,"Dec 1, 2023 2:03:14 AM","e-commerce Application"
423,"Asia Kerluke",lacey.kihn@gmail.com,senem4237462378482,com.github.javafaker.PhoneNumber@6066cf5,02405,Turkey,,"Dec 1, 2023 1:57:51 AM","e-commerce Application"
422,"dsaf dasf",arie.steuber@yahoo.com,senem4237462378482,,,,,"Dec 1, 2023 1:55:36 AM",Admin
421,"Arnulfo Abernathy",arie.steuber@yahoo.com,senem4237462378482,com.github.javafaker.PhoneNumber@16bc97b9,34469,Turkey,,"Dec 1, 2023 1:52:28 AM","e-commerce Application"
420,"Katlyn Conroy",alyson.frami@gmail.com,senem4237462378482,com.github.javafaker.PhoneNumber@6066cf5,44726-8127,Turkey,,"Dec 1, 2023 1:49:13 AM","e-commerce Application"
419,"Stefani D'Amore",israel.shields@hotmail.com,senem4237462378482,com.github.javafaker.PhoneNumber@4e2860d3,37874,Turkey,,"Dec 1, 2023 1:47:40 AM","e-commerce Application"
418,"Eldora Haley",junko.fisher@hotmail.com,senem4237462378482,com.github.javafaker.PhoneNumber@22128b73,88699,Turkey,,"Dec 1, 2023 1:43:03 AM","e-commerce Application"
417,"Joseph Reynolds",france.nicolas@hotmail.com,senem4237462378482,com.github.javafaker.PhoneNumber@63fa0b9,47443,Turkey,,"Dec 1, 2023 1:37:06 AM","e-commerce Application"
416,"Abram Schaefer",glennis.schamberger@hotmail.com,senem4237462378482,com.github.javafaker.PhoneNumber@5a372288,84135-8798,Turkey,,"Dec 1, 2023 1:32:44 AM","e-commerce Application"
415,"Jammie Barton",lashaun.sipes@yahoo.com,senem4237462378482,,,,,"Dec 1, 2023 1:22:33 AM","e-commerce Application"
414,"Jimmie Johnston",jonelle.windler@hotmail.com,senem4237462378482,,,,,"Dec 1, 2023 1:19:36 AM","e-commerce Application"
413,"Divina Nienow Nienow",augusta.prosacco@hotmail.com,senem4237462378482,,,,,"Dec 1, 2023 1:15:56 AM","e-commerce Application"
412,"asda as",asda@gmail.com,senem4237462378482,23423423,4234,"United States",Alaska,"Dec 1, 2023 1:03:32 AM","e-commerce Application"
411,"Maisha Reilly",mac.jacobi@hotmail.com,senem4237462378482,com.github.javafaker.PhoneNumber@321f97d9,22961,Turkey,,"Dec 1, 2023 12:59:18 AM","e-commerce Application"
410,"Merlin Breitenberg",maranda.howell@hotmail.com,senem4237462378482,,,,,"Dec 1, 2023 12:54:14 AM","e-commerce Application"
409,"Devon Beier",keisha.nicolas@gmail.com,senem4237462378482,,,,,"Dec 1, 2023 12:25:25 AM","e-commerce Application"
408,"Dominque Harris",leo.kozey@hotmail.com,senem4237462378482,,,,,"Dec 1, 2023 12:22:26 AM","e-commerce Application"
407,"Alaine Kemmer",everett.lakin@gmail.com,senem4237462378482,,,,,"Dec 1, 2023 12:20:46 AM","e-commerce Application"
406,"Trista Williamson",lourie.yundt@hotmail.com,senem4237462378482,,,,,"Dec 1, 2023 12:16:18 AM","e-commerce Application"
405,"Vi Murazik",derek.murphy@gmail.com,senem4237462378482,,,,,"Dec 1, 2023 12:15:59 AM","e-commerce Application"
404,"Sudie Stokes",angelita.bergnaum@gmail.com,senem4237462378482,,,,,"Dec 1, 2023 12:08:09 AM","e-commerce Application"
403,"Nicky Von",teddy.leannon@gmail.com,senem4237462378482,,,,,"Dec 1, 2023 12:05:49 AM","e-commerce Application"
402,"Danyel Schaefer",lavern.swift@hotmail.com,senem4237462378482,,,,,"Dec 1, 2023 12:04:44 AM","e-commerce Application"
401,"Karyn Goldner",gerry.spinka@hotmail.com,senem4237462378482,,,,,"Dec 1, 2023 12:02:45 AM","e-commerce Application"
400,"Odell Abbott",raylene.west@gmail.com,senem4237462378482,,,,,"Dec 1, 2023 12:01:37 AM","e-commerce Application"
399,"Marica Waelchi",claud.pollich@yahoo.com,senem4237462378482,,,,,"Dec 1, 2023 12:00:06 AM","e-commerce Application"
398,"Rosemarie Stroman",coleman.welch@gmail.com,senem4237462378482,,,,,"Nov 30, 2023 11:55:54 PM","e-commerce Application"
397,"Tiffanie Aufderhar",grayce.vonrueden@yahoo.com,senem4237462378482,,,,,"Nov 30, 2023 11:52:28 PM","e-commerce Application"
396,"Marth Kuhlman",porsche.pacocha@gmail.com,senem4237462378482,,,,,"Nov 30, 2023 11:48:55 PM","e-commerce Application"
395,"Marshall Rolfson",edwin.nicolas@gmail.com,senem4237462378482,,,,,"Nov 30, 2023 11:45:18 PM","e-commerce Application"
394,"Lynn Hilpert",alline.shields@gmail.com,senem4237462378482,,,,,"Nov 30, 2023 11:43:08 PM","e-commerce Application"
393,"Dwayne Will",pearline.quigley@gmail.com,senem4237462378482,,,,,"Nov 30, 2023 11:27:34 PM","e-commerce Application"
392,"Edward Bergstrom",phillis.langosh@yahoo.com,senem4237462378482,,,,,"Nov 30, 2023 11:25:45 PM","e-commerce Application"
391,"Deeanna Greenholt",mitzie.oberbrunner@gmail.com,senem4237462378482,,,,,"Nov 30, 2023 11:21:16 PM","e-commerce Application"
390,"Marybelle Daniel",dennis.kreiger@yahoo.com,senem4237462378482,,,,,"Nov 30, 2023 11:19:47 PM","e-commerce Application"
389,"Micheal Thiel",linwood.okeefe@gmail.com,senem4237462378482,,,,,"Nov 30, 2023 11:16:13 PM","e-commerce Application"
388,"Kymberly Beatty",myra.rath@yahoo.com,senem4237462378482,,,,,"Nov 30, 2023 11:14:24 PM","e-commerce Application"
387,"Elenor Klocko",vance.cassin@gmail.com,senem4237462378482,,,,,"Nov 30, 2023 11:12:11 PM","e-commerce Application"
386,"Bobby DuBuque",camie.hirthe@gmail.com,senem4237462378482,,,,,"Nov 30, 2023 11:02:06 PM","e-commerce Application"
385,"Arnulfo Satterfield",eve.schaefer@gmail.com,senem4237462378482,,,,,"Nov 30, 2023 10:49:44 PM","e-commerce Application"
384,"Earline Heller",codi.medhurst@yahoo.com,senem4237462378482,,,,,"Nov 30, 2023 10:47:01 PM","e-commerce Application"
383,"Johnathon Blick",bettina.rath@yahoo.com,senem4237462378482,,,,,"Nov 30, 2023 10:38:56 PM","e-commerce Application"
382,"Jeannetta Bosco",debby.deckow@yahoo.com,senem4237462378482,,,,,"Nov 30, 2023 10:35:50 PM","e-commerce Application"
381,"Yolonda Kautzer",lamar.gibson@yahoo.com,senem4237462378482,,,,,"Nov 30, 2023 9:23:27 PM","e-commerce Application"
380,"Alphonse Wehner",tonette.turner@yahoo.com,senem4237462378482,,,,,"Nov 30, 2023 9:21:42 PM","e-commerce Application"
379,"Racquel Pouros",catrina.corkery@yahoo.com,senem4237462378482,,,,,"Nov 30, 2023 9:18:10 PM","e-commerce Application"
378,"Tameika Lebsack",margarette.rogahn@yahoo.com,senem4237462378482,,,,,"Nov 30, 2023 8:49:17 PM","e-commerce Application"
377,"Cesar Lang",avery.ziemann@gmail.com,senem4237462378482,,,,,"Nov 30, 2023 8:32:55 PM","e-commerce Application"
376,"Lucila Stiedemann",mariano.lebsack@gmail.com,senem4237462378482,,,,,"Nov 30, 2023 8:22:22 PM","e-commerce Application"
375,"Odell Mante",sharleen.kris@yahoo.com,senem4237462378482,,,,,"Nov 30, 2023 8:19:38 PM","e-commerce Application"
374,"Maxima Welch",ervin.abernathy@hotmail.com,senem4237462378482,,,,,"Nov 30, 2023 8:14:45 PM","e-commerce Application"
373,"Carina Lowe",danna.mills@gmail.com,senem4237462378482,,,,,"Nov 30, 2023 8:10:03 PM","e-commerce Application"
372,"Doretta Marquardt",shiloh.west@gmail.com,senem4237462378482,,,,,"Nov 30, 2023 6:46:30 PM","e-commerce Application"
371,"tokyo india",tokyo@gmail.com,senem4237462378482,008007698,3450097,Turkey,,"Nov 30, 2023 6:03:51 PM","e-commerce Application"
370,"ferhat ihram",ferhatihram@gmail.com,senem4237462378482,,,,,"Nov 30, 2023 4:16:48 PM","e-commerce Application"
369,"as sa",aa@gmail.com,senem4237462378482,,,,,"Nov 30, 2023 4:12:59 PM","e-commerce Application"
368,"Raymon Wilkinson Wilkinson",quiana.lakin@gmail.com,senem4237462378482,,,,,"Nov 30, 2023 2:15:21 PM","e-commerce Application"
367,"India Jakubowski",russ.crist@hotmail.com,senem4237462378482,,,,,"Nov 30, 2023 6:35:19 AM","e-commerce Application"
366,"Napoleon Sporer",garnet.zulauf@gmail.com,senem4237462378482,,,,,"Nov 30, 2023 5:37:49 AM","e-commerce Application"
365,"Irina Kerluke",raymond.jast@yahoo.com,senem4237462378482,,,,,"Nov 30, 2023 5:36:07 AM","e-commerce Application"
364,"Darius Stracke",leatha.keeling@yahoo.com,senem4237462378482,,,,,"Nov 30, 2023 5:25:21 AM","e-commerce Application"
363,"Eva Durgan",bernie.reinger@yahoo.com,senem4237462378482,,,,,"Nov 30, 2023 5:14:00 AM","e-commerce Application"
362,"Tony McKenzie",julianne.blick@gmail.com,senem4237462378482,,,,,"Nov 30, 2023 5:10:40 AM","e-commerce Application"
361,"Hershel Blick",shawn.harber@hotmail.com,senem4237462378482,,,,,"Nov 30, 2023 5:08:12 AM","e-commerce Application"
360,"dadas biden uyghur",biden@gmail.com,senem4237462378482,,,,,"Nov 30, 2023 3:09:57 AM","e-commerce Application"
359,"trump uyghur",trump@gmail.com,senem4237462378482,,,,,"Nov 30, 2023 3:04:30 AM",Admin
358,"Tom Jeanelle",andres.parisian@hotmail.com,senem4237462378482,,,,,"Nov 30, 2023 2:22:38 AM","e-commerce Application"
357,"yusuf zuleyha",yusuf@gmail.com,senem4237462378482,,,,,"Nov 30, 2023 1:58:46 AM",news1
356,"Wendi Swaniawski",roberto.wisozk@yahoo.com,senem4237462378482,,,,,"Nov 30, 2023 1:00:58 AM","e-commerce Application"
355,"Trisha Erdman",vern.daugherty@yahoo.com,senem4237462378482,,,,,"Nov 30, 2023 12:47:23 AM","e-commerce Application"
354,"Voncile Mitchell Bryon",nicholle.mckenzie@yahoo.com,senem4237462378482,,,,,"Nov 30, 2023 12:29:55 AM","e-commerce Application"
353,"Sean Jetta Yon",dianna.mraz@hotmail.com,senem4237462378482,,,,,"Nov 30, 2023 12:21:52 AM","e-commerce Application"
352,"Augustine Angelia Waldo",richie.deckow@yahoo.com,senem4237462378482,,,,,"Nov 29, 2023 10:17:04 PM","e-commerce Application"
351,"Niki Malcom Lawerence",marlys.rau@hotmail.com,senem4237462378482,,,,,"Nov 29, 2023 10:15:38 PM","e-commerce Application"
350,"oday bal",oday12@gmail.com,senem4237462378482,,,,,"Nov 29, 2023 9:34:16 PM","e-commerce Application"
349,"Dale Kemmer Kemmer",oretha.lynch@hotmail.com,senem4237462378482,,,,,"Nov 29, 2023 8:01:25 PM","e-commerce Application"
348,"Ashli Terry Terry",arron.upton@hotmail.com,senem4237462378482,,,,,"Nov 29, 2023 7:51:54 PM","e-commerce Application"
347,"Malik Vandervort Vandervort",ludie.roob@gmail.com,senem4237462378482,,,,,"Nov 29, 2023 7:46:02 PM","e-commerce Application"
346,"Keturah Bartell Bartell",renato.brekke@gmail.com,senem4237462378482,,,,,"Nov 29, 2023 7:27:36 PM","e-commerce Application"
345,"Hollis McGlynn McGlynn",kiera.schoen@gmail.com,senem4237462378482,,,,,"Nov 29, 2023 7:20:24 PM","e-commerce Application"
344,"Leigh Sporer Sporer",grady.harber@yahoo.com,senem4237462378482,,,,,"Nov 29, 2023 7:06:25 PM","e-commerce Application"
343,"Berta Terry Terry",abraham.shanahan@yahoo.com,senem4237462378482,,,,,"Nov 29, 2023 6:56:46 PM","e-commerce Application"
342,"Lynn Ullrich Ullrich",cordelia.murray@gmail.com,senem4237462378482,,,,,"Nov 29, 2023 6:55:00 PM","e-commerce Application"
341,"Magnolia Carter Carter",marquis.rosenbaum@gmail.com,senem4237462378482,,,,,"Nov 29, 2023 6:41:42 PM","e-commerce Application"
340,"Margarita Zieme Zieme",vaughn.kassulke@yahoo.com,senem4237462378482,,,,,"Nov 29, 2023 6:37:08 PM","e-commerce Application"
339,"Ngoc Lynch Lynch",amberly.medhurst@gmail.com,senem4237462378482,,,,,"Nov 29, 2023 6:35:14 PM","e-commerce Application"
338,"Jaclyn Armstrong Armstrong",janina.kunde@hotmail.com,senem4237462378482,,,,,"Nov 29, 2023 6:31:53 PM","e-commerce Application"
337,"Saul Lemke Lemke",norbert.jaskolski@gmail.com,senem4237462378482,,,,,"Nov 29, 2023 6:30:06 PM","e-commerce Application"
336,"Azalee O'Keefe O'Keefe",willie.hodkiewicz@hotmail.com,senem4237462378482,,,,,"Nov 29, 2023 4:23:59 PM","e-commerce Application"
335,"Vicenta Wilkinson Wilkinson",jessie.hyatt@gmail.com,senem4237462378482,,,,,"Nov 29, 2023 1:03:00 PM","e-commerce Application"
334,"Bennie Wiza Wiza",otis.gislason@yahoo.com,senem4237462378482,,,,,"Nov 29, 2023 1:01:40 PM","e-commerce Application"
333,"jkadshfk lknasdflk asdfsag",sdfaf@gmail.com,senem4237462378482,,,,,"Nov 29, 2023 8:18:08 AM","e-commerce Application"
332,"dsds fdsfdf",catalogmanager@hotmail.com,senem4237462378482,,,,,"Nov 29, 2023 8:13:35 AM","e-commerce Application"
331,"Matthew DuBuque",denny.okuneva@gmail.com,senem4237462378482,,,,,"Nov 29, 2023 6:50:17 AM","e-commerce Application"
330,"Bradly Leon Refugio",danna.bergnaum@hotmail.com,senem4237462378482,,,,,"Nov 29, 2023 6:46:02 AM","e-commerce Application"
329,"Tameika Rath",denice.oconner@gmail.com,senem4237462378482,,,,,"Nov 29, 2023 5:47:05 AM","e-commerce Application"
328,"Hedwig MacGyver",stacey.pacocha@hotmail.com,senem4237462378482,,,,,"Nov 29, 2023 5:37:02 AM","e-commerce Application"
327,"Guadalupe Yundt",cleta.mueller@hotmail.com,senem4237462378482,,,,,"Nov 29, 2023 5:33:35 AM","e-commerce Application"
326,"Lloyd Julie Berry",carmel.wintheiser@hotmail.com,senem4237462378482,,,,,"Nov 29, 2023 4:42:32 AM","e-commerce Application"
325,"Danyell Schulist",bobby.swaniawski@yahoo.com,senem4237462378482,,,,,"Nov 29, 2023 4:17:39 AM","e-commerce Application"
324,"Londa Koepp",alexis.johnson@yahoo.com,senem4237462378482,,,,,"Nov 29, 2023 4:11:03 AM","e-commerce Application"
323,"Alexandria Collins",connie.schuppe@yahoo.com,senem4237462378482,,,,,"Nov 29, 2023 4:10:29 AM","e-commerce Application"
322,"Houston Rippin",cornelia.labadie@hotmail.com,senem4237462378482,,,,,"Nov 29, 2023 3:49:13 AM","e-commerce Application"
321,"Arlen Chester Tyson",austin.ziemann@hotmail.com,senem4237462378482,,,,,"Nov 29, 2023 3:39:21 AM","e-commerce Application"
320,"Tera Swift",danuta.gleichner@yahoo.com,senem4237462378482,,,,,"Nov 29, 2023 3:32:42 AM","e-commerce Application"
319,"Muhammed Abdulmecid",team2@unitedcoder.com,senem4237462378482,,,,,"Nov 29, 2023 2:58:34 AM","e-commerce Application"
318,"Adil Alim",adilll@gmail.com,senem4237462378482,,,,,"Nov 29, 2023 2:31:55 AM","e-commerce Application"
317,"5553 Salman U Kashgar",salmanuyghur3@gmail.com,senem4237462378482,,,,,"Nov 29, 2023 1:37:36 AM",Admin
316,"Team-3 london",team3_customer@gmail.com,senem4237462378482,213355654,13652,Netherlands,,"Nov 29, 2023 1:34:28 AM","e-commerce Application"
315,"5553 alem smile uyum 48746",sansin@gmail.com,senem4237462378482,,,,,"Nov 29, 2023 1:32:57 AM",Admin
314,"GHKB BHVNB.",JHHVJHV@gmail.com,senem4237462378482,,,,,"Nov 28, 2023 3:15:37 PM","e-commerce Application"
313,"hello magento",magento@gmail.com,senem4237462378482,,,,,"Nov 28, 2023 2:22:53 PM","e-commerce Application"
312,"Clyde Horace",sterling.bergnaum@hotmail.com,senem4237462378482,,,,,"Nov 28, 2023 4:32:24 AM","e-commerce Application"
311,"Alimaaa Abdure",jsysdgh@gmail.com,senem4237462378482,,,,,"Nov 28, 2023 3:09:05 AM","e-commerce Application"
310,"Malissa Brakus",stewart.jenkins@gmail.com,senem4237462378482,,,,,"Nov 28, 2023 3:05:09 AM","e-commerce Application"
309,"Johnna Russel",thad.rogahn@hotmail.com,senem4237462378482,,,,,"Nov 28, 2023 1:23:22 AM","e-commerce Application"
308,"Nell Sawayn",malka.damore@gmail.com,senem4237462378482,,,,,"Nov 28, 2023 12:21:08 AM","e-commerce Application"
307,"Fred Spencer",caren.ritchie@yahoo.com,senem4237462378482,,,,,"Nov 27, 2023 8:46:44 AM","e-commerce Application"
306,"Keith Crooks",dennise.russel@gmail.com,senem4237462378482,,,,,"Nov 27, 2023 7:26:38 AM","e-commerce Application"
305,"Darrel Gislason",dario.aufderhar@yahoo.com,senem4237462378482,,,,,"Nov 27, 2023 7:25:12 AM","e-commerce Application"
304,"Adiff AlooAlooAloo Alim",adiaal828@gmail.com,senem4237462378482,008007698,3429006,Turkey,,"Nov 27, 2023 7:19:17 AM","e-commerce Application"
303,"Jacquiline Considine",nona.moen@gmail.com,senem4237462378482,,,,,"Nov 27, 2023 7:17:23 AM","e-commerce Application"
302,"Monte Balistreri",quinn.hessel@hotmail.com,senem4237462378482,,,,,"Nov 27, 2023 7:12:29 AM","e-commerce Application"
301,"Dora Gorge",dora@gmail.com,senem4237462378482,,,,,"Nov 27, 2023 6:52:52 AM","e-commerce Application"
300,"Julia Gorge",julia@gmail.com,senem4237462378482,,,,,"Nov 27, 2023 6:42:55 AM","e-commerce Application"
299,"isimsiz yigitler",isimsiz11@gmail.com,senem4237462378482,01058629911,01000,Turkey,,"Nov 27, 2023 3:49:30 AM","e-commerce Application"
298,"zikrullah-test-user-account test",elma12399@gmail.com,group4,,,,,"Nov 25, 2023 6:22:38 PM",Admin
297,"solmon aabduu",salmanuyghur33@gmail.com,senem4237462378482,,,,,"Nov 25, 2023 2:07:42 PM","e-commerce Application"
296,"Aliye123 Idris123",aliye123@gmail.com,senem4237462378482,,,,,"Nov 25, 2023 2:00:59 PM","e-commerce Application"
295,"Nuzugum Uy",nu@gmail.com,Shemsinur,,,,,"Nov 25, 2023 6:23:02 AM","e-commerce Application"
293,"Nur Batur",gabdullah1107@gmail.com,senem4237462378482,89872393857,420059,Russia," ","Nov 24, 2023 2:27:30 PM","e-commerce Application"
292,"azphone111 sdqsdq",sqdqsdqdqs@gmail.com,senem4237462378482,,,,,"Nov 24, 2023 12:53:12 PM",Admin
291,"ali21 yusuf akrep",yusuf12@gmail.com,senem4237462378482,,,,,"Nov 24, 2023 11:34:26 AM",Admin
290,"ibrahim akyol",ibrahim.csr@gmail.com,senem4237462378482,,,,,"Nov 24, 2023 5:46:11 AM",Admin
289,"Nur Batur",123@gmail.com,senem4237462378482,,,,,"Nov 24, 2023 1:15:43 AM",Admin
288,"Farman Abdulahat Maratov",farid1107@mail.ru,senem4237462378482,,,,,"Nov 24, 2023 12:38:36 AM","e-commerce Application"
287,"azmat ark",azer@gmail.com,senem4237462378482,,,,,"Nov 23, 2023 3:26:42 PM",Admin
286,"Lale Alim",lalealim111@gmail.com,senem4237462378482,,,,,"Nov 23, 2023 1:17:24 PM","e-commerce Application"
285,"SSSHHH MMM",SSSHHHMMM@gmail.com,senem4237462378482,,,,,"Nov 23, 2023 2:41:27 AM","e-commerce Application"
284,"Merve Seti",merve@gmail.com,LondonTeam,07*********,"co1 co1","United Kingdom",,"Nov 22, 2023 6:23:16 PM","e-commerce Application"
283,"Merve Seti",merve@gmail.com,senem4237462378482,,,,,"Nov 22, 2023 3:12:14 PM",Admin
282,"Turpan Kariz",kariz@gmail.com,group2,,,,,"Nov 22, 2023 10:50:55 AM","e-commerce Application"
281,"Arman Derman",armandarman@gmail.com,group2,,,,,"Nov 22, 2023 10:49:25 AM","e-commerce Application"
280,"Darcey Wunsch",marquis.bradtke@yahoo.com,senem4237462378482,,,,,"Nov 22, 2023 8:06:10 AM","e-commerce Application"
279,"kamran bag turhan",turhan@gmail.com,senem4237462378482,,,,,"Nov 22, 2023 6:46:28 AM",Admin
278,"Sheena Hansen",lynelle.johns@hotmail.com,senem4237462378482,,,,,"Nov 22, 2023 6:39:49 AM","e-commerce Application"
277,"Theresia Beier",monnie.bergnaum@gmail.com,senem4237462378482,,,,,"Nov 22, 2023 6:38:55 AM","e-commerce Application"
276,"Karolyn Jacobson",dagny.breitenberg@gmail.com,senem4237462378482,,,,,"Nov 22, 2023 6:38:23 AM","e-commerce Application"
275,"Davis Wintheiser",valene.shanahan@yahoo.com,senem4237462378482,,,,,"Nov 22, 2023 6:36:57 AM","e-commerce Application"
274,"Alim Abdulmecid",m.abdulmecid7866@gmail.com,senem4237462378482,,,,,"Nov 22, 2023 6:27:58 AM",Admin
273,"Muhammed Abdulmecid",m.abdulmecid786@gmail.com,senem4237462378482,,,,,"Nov 22, 2023 6:20:36 AM",Admin
272,"hakan123 demir123",hademir123@gmail.com,senem4237462378482,,,,,"Nov 22, 2023 6:12:04 AM","e-commerce Application"
271,"mahi12 senem23",senem@hotmail.com,senem4237462378482,,,,,"Nov 22, 2023 6:09:04 AM","e-commerce Application"
270,"1223 43534",3423@gmail.com,senem4237462378482,,,,,"Nov 22, 2023 5:51:43 AM","e-commerce Application"
269,"Elsa Smith",elsasmith23132@gmail.com,senem4237462378482,,,,,"Nov 22, 2023 5:44:53 AM","e-commerce Application"
268,"customer-Gul Team4 Magento",team4@gmail.com,Senem,,,,,"Nov 22, 2023 2:04:06 AM","e-commerce Application"
265,"ceylan sadir",ceylan@gmail.com,senem4237462378482,,,,,"Nov 21, 2023 2:45:05 PM",Admin
264,"yusuf kaya",yusuf@gmail.com,senem4237462378482,,,,,"Nov 21, 2023 2:42:28 PM",Admin
263,"SSS HHH",SSSHHH2@gmail.com,senem4237462378482,,,,,"Nov 21, 2023 12:42:32 PM",Admin
262,"ali21 ali ali akrep mn",ali@gmail.com,senem4237462378482,,,,,"Nov 21, 2023 11:12:40 AM",Admin
261,"arzu bisar",arzu.bisar@gmail.com,senem4237462378482,55555555,34500,Turkey,,"Nov 21, 2023 5:35:31 AM","e-commerce Application"
260,"Alim Hamut",xxxx@gmail.com,senem4237462378482,,,,,"Nov 21, 2023 3:29:01 AM",Admin
257,"busra busra",busra.uygur608@gmail.com,groupA,,,,,"Nov 20, 2023 8:30:13 AM",Admin
256,"Sara Wolf",sarawolf@gmail.com,sherzat,,,,,"Nov 20, 2023 1:41:01 AM","e-commerce Application"
255,"sss bbb",sss@gmail.com,senem4237462378482,,,,,"Nov 19, 2023 7:40:30 AM",Admin
254,"Sales manager",dominicjason1102@gmail.com,senem4237462378482,,,,,"Nov 19, 2023 6:47:57 AM","e-commerce Application"
253,"Jack N Tramp",nazilashero@gmail.com,senem4237462378482,,,,,"Nov 19, 2023 6:35:39 AM","e-commerce Application"
252,"a1111 azmat000 arkin111",azmatarkin@gmail.com,senem4237462378482,0843223422,2332,Vanuatu,,"Nov 19, 2023 2:25:56 AM","e-commerce Application"
251,"Alim Hamut",alimjanhamut710@gmail.com,senem4237462378482,,,,,"Nov 18, 2023 5:42:05 PM","e-commerce Application"
249,"Mehri Ates",mehri@gmail.com,senem4237462378482,13052227454,33021,"United States",Florida,"Nov 18, 2023 2:19:17 PM","e-commerce Application"
248,"abdulhekim abdulhekim abdulla",ablikimabdulla9393@gmail.com,senem4237462378482,1284634982,"CO 82878-5262","United States",California,"Nov 18, 2023 10:41:12 AM","e-commerce Application"
247,"Nina Jensen Stoltenberg",nina.stoltenberg@gmail.com,senem4237462378482,242538293,0485,"United States",Virginia,"Nov 18, 2023 6:47:00 AM","e-commerce Application"
246,"Mr. Azoc1 A Ashra1 A",azoc1ashra1@hotmail.com,sherzat,,,,,"Nov 18, 2023 6:37:03 AM","e-commerce Application"
245,"Senem Abulimit",senem.taranqi@gmail.com,senem4237462378482,1647777777,"m6c 1c8",Canada,Ontario,"Nov 18, 2023 6:33:46 AM","e-commerce Application"
244,"Shemshinur Nur Mesum",oeigoer520@gmail.com,senem4237462378482,313749283,"8535 HJ ",Netherlands,,"Nov 18, 2023 6:27:44 AM","e-commerce Application"
243,"Merve Ruzgar Toprak",elanurkara512@gmail.com,senem4237462378482,9543938479,0978,Turkey,Istanbul,"Nov 18, 2023 4:12:35 AM","e-commerce Application"
242,"Merve Kus Toprak",merve517toprak@yahoo.com,senem4237462378482,,,,,"Nov 18, 2023 4:02:33 AM","e-commerce Application"
240,"Alim Hamut",alimhamut.arbeit@gmail.com,"Postmen is fun",,,,,"Nov 18, 2023 1:53:09 AM",Admin
237,"Alim Hamut",alimhamut.job@gmail.com,senem4237462378482,,,,,"Nov 17, 2023 2:18:17 PM","e-commerce Application"
236,"Mihrigul Abdulwahed",mireguligayiti@outlook.com,groupC,,,,,"Nov 17, 2023 1:44:58 AM","e-commerce Application"
234,"azmat arkin",azmat_arkin@hotmail.com,senem4237462378482,,,,,"Nov 16, 2023 7:32:15 PM","e-commerce Application"
233,"merdan uygur",merdanuygur123@gmail.com,senem4237462378482,8023729292,05474,"United States",Virginia,"Nov 16, 2023 12:41:01 PM","e-commerce Application"
232,"ensar - ekber",edngensar12@gmail.com,senem4237462378482,"1 785 2549841",10001,"United States","New York","Nov 16, 2023 11:39:45 AM","e-commerce Application"
231,"James Russel",jrussel123@gmail.com,sydney1,12129691807,10010,"United States","New York","Nov 16, 2023 11:23:31 AM","e-commerce Application"
229,"Malikazat Ghayrat",malikazat@hotmail.com,senem4237462378482,0433333954,5093,Australia,,"Nov 16, 2023 4:57:28 AM","e-commerce Application"
228,"el ma Ali",elma12399@gmail.com,senem4237462378482,01058629911,01000,"South Korea",,"Nov 16, 2023 4:40:42 AM","e-commerce Application"
227,"alim adil",adil828@gmail.com,senem4237462378482,008007698,2450008,Japan,,"Nov 16, 2023 3:56:02 AM","e-commerce Application"
226,"qwe rty",777@gmail.com,senem4237462378482,,,,,"Nov 16, 2023 3:01:08 AM",Admin
225,"nikosh vikosh",777@gmail.com,groupA,42142144324,2143,"United States",Idaho,"Nov 16, 2023 12:53:52 AM","e-commerce Application"
223,"Ehmetjan E.T Tohtaji",ehmetjan@hotmail.com,senem4237462378482,0210497595,0602,"New Zealand",,"Nov 16, 2023 12:35:25 AM","e-commerce Application"
222,"ewewe dsds",3233@gmail.com,senem4237462378482,,,,,"Nov 15, 2023 9:04:09 PM","e-commerce Application"
221,"Almira lalal5 Tursunkarim",al689@gmail.com,Test-Pasilat,4549075043,48104,"United States",Arizona,"Nov 15, 2023 4:25:39 PM","e-commerce Application"
220,"merdan uyghur",merdanuyghur@gmail.com,senem4237462378482,,,,,"Nov 15, 2023 2:21:11 PM","e-commerce Application"
219,"LaLe Xahbaz",lalexahbaz@hotmail.com,"Team4 - Adelaide2023",,,,,"Nov 15, 2023 1:19:16 PM","e-commerce Application"
218,"Almira Perhat",almiraperhat@gmail.com,senem4237462378482,,,,,"Nov 15, 2023 1:16:20 PM",Admin
217,"Mr. Azoc A Ashra A",azocashra@hotmail.com,sherzat,,,,,"Nov 15, 2023 1:12:15 PM","e-commerce Application"
216,"alma nashput",alma888@gmail.com,senem4237462378482,4667876856,123267654,Sweden,,"Nov 15, 2023 12:15:59 PM","e-commerce Application"
215,"Abdugeni Setiwaldi",abuduaini@gmail.com,senem4237462378482,07848484858548,45894,"United Kingdom",,"Nov 15, 2023 10:44:31 AM","e-commerce Application"
214,"Madina Mamat-Qira",madinamamat2001919@gmail.com,senem4237462378482,831-774-1542,99332-2865,Netherlands,,"Nov 15, 2023 10:33:44 AM","e-commerce Application"
213,"ahmed bisar",a.bisar@gamail.com,senem4237462378482,,,,,"Nov 15, 2023 10:11:33 AM","e-commerce Application"
212,"Lutpullah Mutellep",LutpullahMutellep@gmail.com,sherzat,,,,,"Nov 15, 2023 6:47:52 AM",Admin
211,"ali Alim alim",alim728828@gmail.com,senem4237462378482,008007698,2450008,Japan,,"Nov 15, 2023 5:27:57 AM","e-commerce Application"
210,"Rita Martin",Rita@gmail.com,senem4237462378482,,,,,"Nov 15, 2023 12:19:40 AM","e-commerce Application"
209,"Rania Martin",Rania@gmail.com,senem4237462378482,,,,,"Nov 15, 2023 12:16:15 AM","e-commerce Application"
208,"Tim Gorge Thomas",timthomas@gmail.com,senem4237462378482,00642134567,0600,"New Zealand",,"Nov 15, 2023 12:08:22 AM","e-commerce Application"
207,"ABDULSUKUR YIMING",nezerfatih@gmail.com,senem4237462378482,,,,,"Nov 14, 2023 8:02:35 AM","e-commerce Application"
206,"Jack N Tramp",ayknazi@gmail.com,senem4237462378482,05335998247,34315,Turkey,,"Nov 14, 2023 5:48:23 AM","e-commerce Application"
205,"Rana Gul Ablat",rana@gmail.com,senem4237462378482,,,,,"Nov 14, 2023 4:47:40 AM",Admin
204,"Juloi Jack",ritamartin3@yahoo.com,senem4237462378482,,,,,"Nov 14, 2023 4:35:44 AM",Admin
203,"Nadi Sherman",nadisherman@hotmail.com,senem4237462378482,,,,,"Nov 14, 2023 4:23:49 AM","e-commerce Application"
202,"amine Parhat",uyghuray1225@gmail.com,sherzat,,,,,"Nov 14, 2023 3:59:37 AM","e-commerce Application"
201,"mukeremkiz ilyas",mukeremilyas@gmail.com,senem4237462378482,0536619266,23513,"Saudi Arabia",,"Nov 13, 2023 1:30:20 PM","e-commerce Application"
200,"Anar Simruh Kerim",Simruh20211@gmail.com,senem4237462378482,,,,,"Nov 13, 2023 1:29:24 PM","e-commerce Application"
199,"Rusengul Sonmez",rusen1236@gmail.com,senem4237462378482,,,,,"Nov 13, 2023 1:24:22 PM","e-commerce Application"
198,"dilshat kader",djdilshat@gmail.com,senem4237462378482," +1(206)555-3890",98101,"American Samoa",washington,"Nov 13, 2023 11:42:19 AM","e-commerce Application"
197,"Busra06 Memet",iskenderuygur233@gmail.com,senem4237462378482,5529566,38070,Turkey,,"Nov 13, 2023 10:28:55 AM","e-commerce Application"
196,"ali tarik",ali.tarik@gmail.com,senem4237462378482,345678,345000,Turkey,,"Nov 13, 2023 6:39:15 AM","e-commerce Application"
195,"ersin biar",r@gmail.com,senem4237462378482,56789,345000,Turkey,,"Nov 13, 2023 6:29:10 AM","e-commerce Application"
194,"ahmed bisar",ahmed.bisar@mail.com,senem4237462378482,123456,34570,Turkey,,"Nov 13, 2023 6:27:11 AM","e-commerce Application"
193,"Tom Jerry",ali@gmail.com,senem4237462378482,74546778,4426HG,Netherlands,,"Nov 13, 2023 6:09:10 AM","e-commerce Application"
192,"Andry Tom",Andry@gmail.com,senem4237462378482,6534677,5511gb,"United States",Alaska,"Nov 13, 2023 4:33:12 AM","e-commerce Application"
191,"Safi Ali",sendy@gmail.com,senem4237462378482,,,,,"Nov 13, 2023 4:32:01 AM","e-commerce Application"
190,"Safi Ali",ali@gamil.com,senem4237462378482,,,,,"Nov 13, 2023 4:27:59 AM","e-commerce Application"
189,"zeynepecrin1 biar",zeynep.bisar1@gmail.com,senem4237462378482,2125455095183,34547,Turkey,,"Nov 13, 2023 4:16:45 AM","e-commerce Application"
188,"morati momoti",Morato@gmail.com,senem4237462378482,,,,,"Nov 13, 2023 3:15:41 AM","e-commerce Application"
187,"Ferhat Luis Abdukayir",Ronaldoluisnazario@gmail.com,senem4237462378482," +31636491123","3360 HK",Netherlands,"zuid -holland","Nov 13, 2023 3:03:39 AM","e-commerce Application"
186,"Alim Adilll",sdasds@gmail.com,senem4237462378482,0125548484635,259664,"United States",Alaska,"Nov 13, 2023 3:03:18 AM","e-commerce Application"
185,"Aliye A Idris",aliyeidiris@gmail.com,senem4237462378482,"1 719 3269876",15469,Dominica,Michigan,"Nov 13, 2023 2:50:04 AM","e-commerce Application"
184,"zxc asdfs",erfer@gmail.com,senem4237462378482,0125548484635,259664,"United States",Delaware,"Nov 13, 2023 1:27:40 AM","e-commerce Application"
183,"Abdulahat Iskhakof",ahat1107@mail.ru,senem4237462378482," +1 516 336 0100 ",11753,"United States","New York","Nov 13, 2023 12:19:40 AM","e-commerce Application"
182,"Adil Alim",adil@gmail.com,senem4237462378482,0125548484635,259664,Uzbekistan,,"Nov 12, 2023 11:45:22 PM","e-commerce Application"
181,"ihram ferhat",ihram.ferhat@gmail.com,senem4237462378482,,,,,"Nov 12, 2023 2:29:58 PM","e-commerce Application"
180,"hh aa",kk@gmail.com,senem4237462378482,,,,,"Nov 12, 2023 1:30:59 PM","e-commerce Application"
179,"Jon Mandy",JJ@gmail.com,senem4237462378482,,,,,"Nov 12, 2023 1:27:32 PM","e-commerce Application"
178,"Safi Ali",Safi@gmail.com,senem4237462378482,,,,,"Nov 12, 2023 1:19:25 PM","e-commerce Application"
177,"Yalkun MCFTC kaism",Y1@gmail.com,senem4237462378482," +31636206919",5684EA,Netherlands,,"Nov 12, 2023 9:22:35 AM","e-commerce Application"
176,"sherzat1 uyghurs osman",alimardan251551@gmail.com,senem4237462378482,,,,,"Nov 12, 2023 7:54:37 AM","e-commerce Application"
175,"fggdfg dfgfd",sdfgsdf@gmail.com,senem4237462378482,,,,,"Nov 12, 2023 7:35:35 AM","e-commerce Application"
174,"a z",azx@gmail.com,senem4237462378482,2155464,s44535,"United States",Arkansas,"Nov 12, 2023 4:11:08 AM","e-commerce Application"
173,"dsaf dsaf",Simruh369@gmail.com,senem4237462378482,,,,,"Nov 11, 2023 3:34:21 PM",Admin
171,"Shemsinur Enver",shemsinur.enver@gmail.com,senem4237462378482,14109102885,21045,"United States",Maryland,"Nov 11, 2023 12:57:34 PM","e-commerce Application"
170,"Anar Qashqar",Simruh2021@gmail.com,senem4237462378482,"46 7888999977","110 120",Sweden,,"Nov 11, 2023 12:42:32 PM","e-commerce Application"
169,"Annarr Simruh Kerim",Simruh369@gmail.com,senem4237462378482,,,,,"Nov 11, 2023 12:36:46 PM","e-commerce Application"
168,"Annar Simruh Kerim",Simruh888@hotmail.com,senem4237462378482,,,,,"Nov 11, 2023 12:32:52 PM","e-commerce Application"
167,"Xamxinur Mesum",oeigoer@gmail.com,senem4237462378482,,,,,"Nov 11, 2023 11:38:44 AM","e-commerce Application"
166,"suriya hini",suriya.hini@gmail.com,senem4237462378482,0031789456123,2333bk,Netherlands,,"Nov 11, 2023 9:32:28 AM","e-commerce Application"
165,"Busra guliz Memet",busra.uygur608@gmail.com,senem4237462378482,05524818877,34307,Turkey,"cucuk cekmece","Nov 11, 2023 8:27:24 AM","e-commerce Application"
164,"HwaJeanDeweyCarrollDivinaRaymonAmberNanetteMalikSaulAzaleeNicholleIsauraEfrenMilfordRosaJordonJamarBrunildaSalman Uyghur KashgarBoscoKshlerinRunolfssonKoelpinWisokyDurganZiemeAufderharO'KeefeLemkeVandervortTurnerMillerWilkinsonNienowStammRippinPfefferHermann",salmanuyghur3@gmail.com,senem4237462378482,05444362947,348536,Turkey,,"Nov 11, 2023 1:20:33 AM","e-commerce Application"
163,"Yalkun MCFTC Tohti",yalkun.s@hotmail.com,senem4237462378482," +31636206919",5684EA,"United States","Armed Forces Americas","Nov 10, 2023 2:44:54 PM","e-commerce Application"
162,"jack x kamran",turhan@gmail.com,senem4237462378482,316123456,1234,"United States",Alabama,"Nov 10, 2023 1:31:44 PM","e-commerce Application"
161,"kamran XXX turhan",customermanager@gmail.com,"Postmen is fun",,,,,"Nov 10, 2023 1:28:08 PM","e-commerce Application"
160,"kamran jan turhan",kamran2023@gmail.com,senem4237462378482,,,,,"Nov 10, 2023 1:27:20 PM","e-commerce Application"
159,"Boranlik Mauerer",asmatulla7@hotmail.com,senem4237462378482," +436766606006",1110,Austria,Wien,"Nov 10, 2023 1:00:36 PM","e-commerce Application"
158,"Nusrat DPRTCT Hamdul",nusrat1314@gmail.com,senem4237462378482,0658457789,"2803 WV",Netherlands,Zuid-Holland,"Nov 10, 2023 11:46:03 AM","e-commerce Application"
157,"UnitedCoder QA Based It Training Campany",unitedcoder@unitedcoder.com,senem4237462378482,92523903,9010,Norway,,"Nov 10, 2023 10:25:12 AM","e-commerce Application"
156,"Nastya Dmitrievna",nasti123@gmail.com,senem4237462378482,0681802851,"8950 MD","United States",Alabama,"Nov 10, 2023 9:50:38 AM","e-commerce Application"
155,"Alim Hamut",blabla@gmail.com,senem4237462378482,017645152141,85057,Germany,Bayern,"Nov 10, 2023 9:40:29 AM","e-commerce Application"
154,"James Hook Russel",jrisland123@hotmail.com,senem4237462378482,2129691807,10010,"United States","New York","Nov 10, 2023 9:22:19 AM","e-commerce Application"
153,"kamran XXX turhan",kamram2022@gmail.com,senem4237462378482,,,,,"Nov 10, 2023 7:55:08 AM","e-commerce Application"
152,"kamran XXX turhan",kamran2022@gmail.com,senem4237462378482,,,,,"Nov 10, 2023 7:53:39 AM","e-commerce Application"
151,"kamran jan turhan",kamran2222@gmail.com,senem4237462378482,,,,,"Nov 10, 2023 7:05:49 AM","e-commerce Application"
150,"Gamze Ruzgar Toprak",gamze876@yahoo.com,senem4237462378482,9543938479,0978,Turkey,Istanbul,"Nov 10, 2023 4:31:06 AM","e-commerce Application"
149,"Adila Kuerban",adila0218@hotmail.com,senem4237462378482,0632093971,65000,Ukraine,,"Nov 10, 2023 4:08:02 AM","e-commerce Application"
148,"xamxinur Abdurixit",xamxinur905@gmail.com,senem4237462378482,12345678,1234BD,Syria,,"Nov 9, 2023 3:40:32 PM","e-commerce Application"
146,"KARAKAS ZIKRULLA",elma231199@gmail.com,senem4237462378482,,,,,"Nov 8, 2023 8:06:20 PM","e-commerce Application"
145,"Ersin Bisar",ersin.bisar@gmail.com,senem4237462378482,,,,,"Nov 8, 2023 1:54:15 PM",Admin
144,"Tolunay Bisar",tolunay.bisar@gmail.com,senem4237462378482,,,,,"Nov 8, 2023 1:16:52 PM","e-commerce Application"
143,"ibrahim akyol",ibrahim.csr.uetp@gmail.com,senem4237462378482," +1 123 456 789 00",1234,"United States",Alabama,"Nov 8, 2023 10:38:13 AM","e-commerce Application"
142,"Alina Bernardina Tonia",pedro.collins@gmail.com,senem4237462378482," +905304511019",34000,Turkey,,"Nov 7, 2023 2:28:12 PM","e-commerce Application"
141,"jan12 Smit12",jan67@gmail.com,sherzat,,,,,"Nov 7, 2023 10:42:38 AM","e-commerce Application"
140,"jan12 Smit12",jan1324@gmail.com,sherzat,,,,,"Nov 7, 2023 10:36:25 AM","e-commerce Application"
138,"ok n",ok@gmail.com,senem4237462378482,,,,,"Nov 7, 2023 2:50:12 AM",Admin
137,"John Mark",John@gmail.com,senem4237462378482,065555555,5681,Netherlands,,"Nov 6, 2023 4:15:07 AM","e-commerce Application"
136,"Jane Doe",janedoe@example.com,senem4237462378482,888-888-8888,90232,"United States",California,"May 15, 2013 2:20:45 PM","e-commerce Application"
135,"John Doe",johndoe@example.com,senem4237462378482,888-888-8888,90232,"United States",California,"May 15, 2013 2:16:11 PM","e-commerce Application"
127,"John Smith",johnsmith@example.com,sherzat,424-555-0000,90210,"United States",California,"May 15, 2013 2:45:10 AM","e-commerce Application"
104,"Drew France",drew@example.com,sherzat,907-555-3209,75008,France,Paris,"Apr 24, 2013 1:24:51 AM","e-commerce Application"
103,"Milo Vitti",milo@example.com,Senem,792-555-1202,00199,Italy,,"Apr 24, 2013 1:19:25 AM",
102,"Erich Forbes",erich@example.com,senem4237462378482,172-555-4859,17589,"United States",Pennsylvania,"Apr 24, 2013 1:17:27 AM","e-commerce Application"
101,"Jerry Luke",jerry@example.com,sherzat,184-555-2970,1000,Belgium,,"Apr 24, 2013 1:13:41 AM","e-commerce Application"
100,"Jane Smith",janesmith@example.com,sherzat,888-888-8888,93065,"United States",California,"Apr 24, 2013 1:10:53 AM","e-commerce Application"
99,"Clay Lock",clay@example.com,senem4237462378482,909-555-9078,44025,"United States",Ohio,"Apr 24, 2013 1:09:09 AM","e-commerce Application"
98,"Theo Porras",theo@example.com,senem4237462378482,189-555-2780,99767,"United States",Alaska,"Apr 24, 2013 1:07:31 AM","e-commerce Application"
97,"Percy Pella",percy@example.com,Senem,238-555-6578,89345,"United States",Nevada,"Apr 24, 2013 1:05:40 AM",
96,"Kinley Than",kinley@example.com,Senem,531-555-2768,72337,"United States",Arkansas,"Apr 24, 2013 1:03:23 AM",
95,"Dong Berg",dong@example.com,"Postmen is fun",187-555-0012,46879,"United States",Indiana,"Apr 24, 2013 1:01:01 AM","e-commerce Application"
94,"Seema Droz",seema@example.com,"Postmen is fun",174-555-0909,53027,"United States",Wisconsin,"Apr 24, 2013 12:59:10 AM","e-commerce Application"
93,"Tanja Melville",tanja@example.com,"Postmen is fun",124-555-6758,29742,"United States","South Carolina","Apr 24, 2013 12:57:11 AM","e-commerce Application"
92,"Kip Chee",kip@example.com,senem4237462378482,372-555-9567,33432,"United States",Florida,"Apr 24, 2013 12:53:37 AM","e-commerce Application"
91,"Delena Wesley",delena@example.com,senem4237462378482,138-555-4901,23860,"United States",Virginia,"Apr 24, 2013 12:51:57 AM","e-commerce Application"
90,"Kenda Tanaka",kenda@example.com,senem4237462378482,651-555-5690,53167,"United States",Wisconsin,"Apr 24, 2013 12:50:07 AM","e-commerce Application"
89,"Melvin Speck",melvin@example.com,"Postmen is fun",452-555-3761,59572,"United States",Montana,"Apr 24, 2013 12:45:48 AM","e-commerce Application"
88,"Lorenzo Strecker",lorenzo@example.com,Senem,623-555-3459,62262,Poland,,"Apr 24, 2013 12:19:46 AM",
87,"Shan Bugg",shan@example.com,Senem,762-555-3471,60360,"United States",Illinois,"Apr 24, 2013 12:16:09 AM",
86,"Irvin Chipps",irvin@example.com,Senem,123-555-8790,39859,"United States",Georgia,"Apr 24, 2013 12:13:32 AM",
85,"Chang yang",chang@example.com,Senem,444-555-3214,85001,"United States",Arizona,"Apr 24, 2013 12:10:37 AM",
84,"Pearl Glory",pearl@example.com,Senem,529-555-5456,21201,"United States",Maryland,"Apr 24, 2013 12:04:47 AM",
82,"Gogi Cooper",gogi@example.com,senem4237462378482,123-555-0001,10450,"United States","New York","Apr 23, 2013 2:12:51 PM","e-commerce Application"
81,"Shashi Palli",shashi@example.com,senem4237462378482,163-555-7501,10127,"United States","New York","Apr 23, 2013 1:51:29 PM","e-commerce Application"
80,"Albert Einstein",albert@example.com,senem4237462378482,674-555-9278,49036,"United States",Michigan,"Apr 23, 2013 1:21:52 PM","e-commerce Application"
79,"Lilia Lotus",lilia@example.com,Senem,676-555-1591,10343,Sweden,,"Apr 23, 2013 12:12:03 PM",
78,"Prince Charles",prince@example.com,Senem,123-555-6913,04032,"United States",Maine,"Apr 23, 2013 12:09:05 PM",
77,"David Grutman",david@example.com,senem4237462378482,167-555-0295,2000,Australia,,"Apr 23, 2013 12:06:41 PM","e-commerce Application"
76,"Faith Jaitely",faith@example.com,senem4237462378482,764-555-2300,89501,"United States",Nevada,"Apr 23, 2013 12:02:42 PM","e-commerce Application"
75,"Mack Wigley",mack@example.com,"Postmen is fun",763-555-0980,61142,Jordan,,"Apr 23, 2013 11:59:28 AM","e-commerce Application"
74,"Linda Wood",linda@example.com,"Postmen is fun",764-555-2313,15201,"United States",Pennsylvania,"Apr 23, 2013 11:56:40 AM","e-commerce Application"
73,"Donald Hertz",donald@example.com,senem4237462378482,204-555-1267,238858,Singapore,,"Apr 23, 2013 11:52:46 AM","e-commerce Application"
72,"John Fernandiz",john@example.com,senem4237462378482,542-555-1267,84321,"United States",Utah,"Apr 23, 2013 11:43:31 AM","e-commerce Application"
71,"Andy Ngyugen",andy@example.com,sherzat,985-555-1267,25813,"United States",Virginia,"Apr 23, 2013 11:40:51 AM","e-commerce Application"
70,"Rinky Patel",rinky@example.com,sherzat,763-555-6543,07042,"United States","New Jersey","Apr 23, 2013 11:37:39 AM","e-commerce Application"
69,"Day Canavan",day@example.com,sherzat,213-555-2346,02110,"United States",Massachusetts,"Apr 23, 2013 11:35:32 AM","e-commerce Application"
68,"Chuck Gain",chuck@example.com,sherzat,344-555-2381,8090,Switzerland,Zrich,"Apr 23, 2013 11:33:11 AM","e-commerce Application"
65,"Tay Ray",tay@example.com,sherzat,666-555-4423,49036,"United States",Michigan,"Apr 22, 2013 3:32:24 AM","e-commerce Application"
64,"Mickey Watz",mickey@example.com,senem4237462378482,123-555-7645,32801,"United States",Florida,"Apr 22, 2013 2:48:22 AM","e-commerce Application"
63,"Candy Rocha",candy@example.com,senem4237462378482,987-555-1137,SW1P3AD,"United Kingdom",,"Apr 22, 2013 2:32:50 AM","e-commerce Application"
62,"Ram Raja",ram@example.com,senem4237462378482,987-555-8717,411038,India,,"Apr 22, 2013 2:28:13 AM","e-commerce Application"
60,"Mary Hillary",mary@example.com,senem4237462378482,767-555-3435,92123,"United States",California,"Apr 22, 2013 2:20:22 AM","e-commerce Application"
59,"Chris Team 2",chris@example.com,senem4237462378482,345-555-5132,90001,"United States",California,"Apr 22, 2013 2:12:49 AM","e-commerce Application"
31,"Joe Butler",joe@example.com,senem4237462378482,624-555-4967,07960,"United States","New Jersey","Mar 28, 2013 6:17:22 AM","e-commerce Application"
30,"Robert Ngia",robert@example.com,senem4237462378482,676-555-6768,76011,"United States",Texas,"Mar 28, 2013 5:33:34 AM","e-commerce Application"
29,"Jill Moorehouse",jill@example.com,sherzat,545-555-3423,94115,"United States",California,"Mar 28, 2013 5:22:51 AM","e-commerce Application"
28,"Haven Bangor",haven@example.com,sherzat,543-555-9456,01864,"United States",Massachusetts,"Mar 28, 2013 5:19:04 AM","e-commerce Application"
27,"Marilyn Monroe",marilyn@example.com,senem4237462378482,464-555-2938,06423,"United States",Connecticut,"Mar 28, 2013 5:11:42 AM","e-commerce Application"
26,"Rack Fox",rack@example.com,senem4237462378482,151-555-1515,07030,"United States","New Jersey","Mar 28, 2013 5:03:34 AM","e-commerce Application"
25,"Mark Woodland",mark@example.com,"Postmen is fun",141-555-3410,10001,"United States","New York","Mar 28, 2013 4:59:41 AM","e-commerce Application"
24,,jack@example.com,"Postmen is fun",222-555-4190,07042,"United States","New Jersey","Mar 28, 2013 4:57:17 AM","e-commerce Application"
